  ▲ Next.js 14.2.15
  - Local:        http://localhost:3099

 ✓ Starting...
 ✓ Ready in 453ms
 ⨯ Error: Cannot find module './chunks/vendor-chunks/next.js'
Require stack:
- C:\Users\User\Desktop\Hospital-Management-System\.next\server\webpack-runtime.js
- C:\Users\User\Desktop\Hospital-Management-System\.next\server\pages\_document.js
- C:\Users\User\Desktop\Hospital-Management-System\node_modules\next\dist\server\require.js
- C:\Users\User\Desktop\Hospital-Management-System\node_modules\next\dist\server\next-server.js
- C:\Users\User\Desktop\Hospital-Management-System\node_modules\next\dist\server\next.js
- C:\Users\User\Desktop\Hospital-Management-System\node_modules\next\dist\server\lib\start-server.js
- C:\Users\User\Desktop\Hospital-Management-System\node_modules\next\dist\cli\next-start.js
    at Module.<anonymous> (node:internal/modules/cjs/loader:1419:15)
    at C:\Users\User\Desktop\Hospital-Management-System\node_modules\next\dist\server\require-hook.js:55:36
    at defaultResolveImpl (node:internal/modules/cjs/loader:1057:19)
    at resolveForCJSWithHooks (node:internal/modules/cjs/loader:1062:22)
    at Module._load (node:internal/modules/cjs/loader:1225:37)
    at TracingChannel.traceSync (node:diagnostics_channel:328:14)
    at wrapModuleLoad (node:internal/modules/cjs/loader:244:24)
    at Module.<anonymous> (node:internal/modules/cjs/loader:1502:12)
    at mod.require (C:\Users\User\Desktop\Hospital-Management-System\node_modules\next\dist\server\require-hook.js:65:28)
    at require (node:internal/modules/helpers:152:16) {
  code: 'MODULE_NOT_FOUND',
  requireStack: [
    'C:\\Users\\User\\Desktop\\Hospital-Management-System\\.next\\server\\webpack-runtime.js',
    'C:\\Users\\User\\Desktop\\Hospital-Management-System\\.next\\server\\pages\\_document.js',
    'C:\\Users\\User\\Desktop\\Hospital-Management-System\\node_modules\\next\\dist\\server\\require.js',
    'C:\\Users\\User\\Desktop\\Hospital-Management-System\\node_modules\\next\\dist\\server\\next-server.js',
    'C:\\Users\\User\\Desktop\\Hospital-Management-System\\node_modules\\next\\dist\\server\\next.js',
    'C:\\Users\\User\\Desktop\\Hospital-Management-System\\node_modules\\next\\dist\\server\\lib\\start-server.js',
    'C:\\Users\\User\\Desktop\\Hospital-Management-System\\node_modules\\next\\dist\\cli\\next-start.js'
  ]
}
 ⨯ Error: Cannot find module 'C:\Users\User\Desktop\Hospital-Management-System\.next\server\pages\_error.js'
Require stack:
- C:\Users\User\Desktop\Hospital-Management-System\node_modules\next\dist\server\require.js
- C:\Users\User\Desktop\Hospital-Management-System\node_modules\next\dist\server\next-server.js
- C:\Users\User\Desktop\Hospital-Management-System\node_modules\next\dist\server\next.js
- C:\Users\User\Desktop\Hospital-Management-System\node_modules\next\dist\server\lib\start-server.js
- C:\Users\User\Desktop\Hospital-Management-System\node_modules\next\dist\cli\next-start.js
    at Module.<anonymous> (node:internal/modules/cjs/loader:1419:15)
    at C:\Users\User\Desktop\Hospital-Management-System\node_modules\next\dist\server\require-hook.js:55:36
    at defaultResolveImpl (node:internal/modules/cjs/loader:1057:19)
    at resolveForCJSWithHooks (node:internal/modules/cjs/loader:1062:22)
    at Module._load (node:internal/modules/cjs/loader:1225:37)
    at TracingChannel.traceSync (node:diagnostics_channel:328:14)
    at wrapModuleLoad (node:internal/modules/cjs/loader:244:24)
    at Module.<anonymous> (node:internal/modules/cjs/loader:1502:12)
    at mod.require (C:\Users\User\Desktop\Hospital-Management-System\node_modules\next\dist\server\require-hook.js:65:28)
    at require (node:internal/modules/helpers:152:16) {
  code: 'MODULE_NOT_FOUND',
  requireStack: [
    'C:\\Users\\User\\Desktop\\Hospital-Management-System\\node_modules\\next\\dist\\server\\require.js',
    'C:\\Users\\User\\Desktop\\Hospital-Management-System\\node_modules\\next\\dist\\server\\next-server.js',
    'C:\\Users\\User\\Desktop\\Hospital-Management-System\\node_modules\\next\\dist\\server\\next.js',
    'C:\\Users\\User\\Desktop\\Hospital-Management-System\\node_modules\\next\\dist\\server\\lib\\start-server.js',
    'C:\\Users\\User\\Desktop\\Hospital-Management-System\\node_modules\\next\\dist\\cli\\next-start.js'
  ]
}
 ⨯ Error: Cannot find module './chunks/vendor-chunks/next.js'
Require stack:
- C:\Users\User\Desktop\Hospital-Management-System\.next\server\webpack-runtime.js
- C:\Users\User\Desktop\Hospital-Management-System\.next\server\pages\_document.js
- C:\Users\User\Desktop\Hospital-Management-System\node_modules\next\dist\server\require.js
- C:\Users\User\Desktop\Hospital-Management-System\node_modules\next\dist\server\next-server.js
- C:\Users\User\Desktop\Hospital-Management-System\node_modules\next\dist\server\next.js
- C:\Users\User\Desktop\Hospital-Management-System\node_modules\next\dist\server\lib\start-server.js
- C:\Users\User\Desktop\Hospital-Management-System\node_modules\next\dist\cli\next-start.js
    at Module.<anonymous> (node:internal/modules/cjs/loader:1419:15)
    at C:\Users\User\Desktop\Hospital-Management-System\node_modules\next\dist\server\require-hook.js:55:36
    at defaultResolveImpl (node:internal/modules/cjs/loader:1057:19)
    at resolveForCJSWithHooks (node:internal/modules/cjs/loader:1062:22)
    at Module._load (node:internal/modules/cjs/loader:1225:37)
    at TracingChannel.traceSync (node:diagnostics_channel:328:14)
    at wrapModuleLoad (node:internal/modules/cjs/loader:244:24)
    at Module.<anonymous> (node:internal/modules/cjs/loader:1502:12)
    at mod.require (C:\Users\User\Desktop\Hospital-Management-System\node_modules\next\dist\server\require-hook.js:65:28)
    at require (node:internal/modules/helpers:152:16) {
  code: 'MODULE_NOT_FOUND',
  requireStack: [
    'C:\\Users\\User\\Desktop\\Hospital-Management-System\\.next\\server\\webpack-runtime.js',
    'C:\\Users\\User\\Desktop\\Hospital-Management-System\\.next\\server\\pages\\_document.js',
    'C:\\Users\\User\\Desktop\\Hospital-Management-System\\node_modules\\next\\dist\\server\\require.js',
    'C:\\Users\\User\\Desktop\\Hospital-Management-System\\node_modules\\next\\dist\\server\\next-server.js',
    'C:\\Users\\User\\Desktop\\Hospital-Management-System\\node_modules\\next\\dist\\server\\next.js',
    'C:\\Users\\User\\Desktop\\Hospital-Management-System\\node_modules\\next\\dist\\server\\lib\\start-server.js',
    'C:\\Users\\User\\Desktop\\Hospital-Management-System\\node_modules\\next\\dist\\cli\\next-start.js'
  ]
}
 ⨯ Error: Cannot find module 'C:\Users\User\Desktop\Hospital-Management-System\.next\server\pages\_error.js'
Require stack:
- C:\Users\User\Desktop\Hospital-Management-System\node_modules\next\dist\server\require.js
- C:\Users\User\Desktop\Hospital-Management-System\node_modules\next\dist\server\next-server.js
- C:\Users\User\Desktop\Hospital-Management-System\node_modules\next\dist\server\next.js
- C:\Users\User\Desktop\Hospital-Management-System\node_modules\next\dist\server\lib\start-server.js
- C:\Users\User\Desktop\Hospital-Management-System\node_modules\next\dist\cli\next-start.js
    at Module.<anonymous> (node:internal/modules/cjs/loader:1419:15)
    at C:\Users\User\Desktop\Hospital-Management-System\node_modules\next\dist\server\require-hook.js:55:36
    at defaultResolveImpl (node:internal/modules/cjs/loader:1057:19)
    at resolveForCJSWithHooks (node:internal/modules/cjs/loader:1062:22)
    at Module._load (node:internal/modules/cjs/loader:1225:37)
    at TracingChannel.traceSync (node:diagnostics_channel:328:14)
    at wrapModuleLoad (node:internal/modules/cjs/loader:244:24)
    at Module.<anonymous> (node:internal/modules/cjs/loader:1502:12)
    at mod.require (C:\Users\User\Desktop\Hospital-Management-System\node_modules\next\dist\server\require-hook.js:65:28)
    at require (node:internal/modules/helpers:152:16) {
  code: 'MODULE_NOT_FOUND',
  requireStack: [
    'C:\\Users\\User\\Desktop\\Hospital-Management-System\\node_modules\\next\\dist\\server\\require.js',
    'C:\\Users\\User\\Desktop\\Hospital-Management-System\\node_modules\\next\\dist\\server\\next-server.js',
    'C:\\Users\\User\\Desktop\\Hospital-Management-System\\node_modules\\next\\dist\\server\\next.js',
    'C:\\Users\\User\\Desktop\\Hospital-Management-System\\node_modules\\next\\dist\\server\\lib\\start-server.js',
    'C:\\Users\\User\\Desktop\\Hospital-Management-System\\node_modules\\next\\dist\\cli\\next-start.js'
  ]
}
 ⨯ Error: Cannot find module 'C:\Users\User\Desktop\Hospital-Management-System\.next\server\pages\_error.js'
Require stack:
- C:\Users\User\Desktop\Hospital-Management-System\node_modules\next\dist\server\require.js
- C:\Users\User\Desktop\Hospital-Management-System\node_modules\next\dist\server\next-server.js
- C:\Users\User\Desktop\Hospital-Management-System\node_modules\next\dist\server\next.js
- C:\Users\User\Desktop\Hospital-Management-System\node_modules\next\dist\server\lib\start-server.js
- C:\Users\User\Desktop\Hospital-Management-System\node_modules\next\dist\cli\next-start.js
    at Module.<anonymous> (node:internal/modules/cjs/loader:1419:15)
    at C:\Users\User\Desktop\Hospital-Management-System\node_modules\next\dist\server\require-hook.js:55:36
    at defaultResolveImpl (node:internal/modules/cjs/loader:1057:19)
    at resolveForCJSWithHooks (node:internal/modules/cjs/loader:1062:22)
    at Module._load (node:internal/modules/cjs/loader:1225:37)
    at TracingChannel.traceSync (node:diagnostics_channel:328:14)
    at wrapModuleLoad (node:internal/modules/cjs/loader:244:24)
    at Module.<anonymous> (node:internal/modules/cjs/loader:1502:12)
    at mod.require (C:\Users\User\Desktop\Hospital-Management-System\node_modules\next\dist\server\require-hook.js:65:28)
    at require (node:internal/modules/helpers:152:16) {
  code: 'MODULE_NOT_FOUND',
  requireStack: [
    'C:\\Users\\User\\Desktop\\Hospital-Management-System\\node_modules\\next\\dist\\server\\require.js',
    'C:\\Users\\User\\Desktop\\Hospital-Management-System\\node_modules\\next\\dist\\server\\next-server.js',
    'C:\\Users\\User\\Desktop\\Hospital-Management-System\\node_modules\\next\\dist\\server\\next.js',
    'C:\\Users\\User\\Desktop\\Hospital-Management-System\\node_modules\\next\\dist\\server\\lib\\start-server.js',
    'C:\\Users\\User\\Desktop\\Hospital-Management-System\\node_modules\\next\\dist\\cli\\next-start.js'
  ]
}
 ⨯ Error: Cannot find module 'C:\Users\User\Desktop\Hospital-Management-System\.next\server\pages\_error.js'
Require stack:
- C:\Users\User\Desktop\Hospital-Management-System\node_modules\next\dist\server\require.js
- C:\Users\User\Desktop\Hospital-Management-System\node_modules\next\dist\server\next-server.js
- C:\Users\User\Desktop\Hospital-Management-System\node_modules\next\dist\server\next.js
- C:\Users\User\Desktop\Hospital-Management-System\node_modules\next\dist\server\lib\start-server.js
- C:\Users\User\Desktop\Hospital-Management-System\node_modules\next\dist\cli\next-start.js
    at Module.<anonymous> (node:internal/modules/cjs/loader:1419:15)
    at C:\Users\User\Desktop\Hospital-Management-System\node_modules\next\dist\server\require-hook.js:55:36
    at defaultResolveImpl (node:internal/modules/cjs/loader:1057:19)
    at resolveForCJSWithHooks (node:internal/modules/cjs/loader:1062:22)
    at Module._load (node:internal/modules/cjs/loader:1225:37)
    at TracingChannel.traceSync (node:diagnostics_channel:328:14)
    at wrapModuleLoad (node:internal/modules/cjs/loader:244:24)
    at Module.<anonymous> (node:internal/modules/cjs/loader:1502:12)
    at mod.require (C:\Users\User\Desktop\Hospital-Management-System\node_modules\next\dist\server\require-hook.js:65:28)
    at require (node:internal/modules/helpers:152:16) {
  code: 'MODULE_NOT_FOUND',
  requireStack: [
    'C:\\Users\\User\\Desktop\\Hospital-Management-System\\node_modules\\next\\dist\\server\\require.js',
    'C:\\Users\\User\\Desktop\\Hospital-Management-System\\node_modules\\next\\dist\\server\\next-server.js',
    'C:\\Users\\User\\Desktop\\Hospital-Management-System\\node_modules\\next\\dist\\server\\next.js',
    'C:\\Users\\User\\Desktop\\Hospital-Management-System\\node_modules\\next\\dist\\server\\lib\\start-server.js',
    'C:\\Users\\User\\Desktop\\Hospital-Management-System\\node_modules\\next\\dist\\cli\\next-start.js'
  ]
}
 ⨯ Error: Cannot find module 'C:\Users\User\Desktop\Hospital-Management-System\.next\server\pages\_error.js'
Require stack:
- C:\Users\User\Desktop\Hospital-Management-System\node_modules\next\dist\server\require.js
- C:\Users\User\Desktop\Hospital-Management-System\node_modules\next\dist\server\next-server.js
- C:\Users\User\Desktop\Hospital-Management-System\node_modules\next\dist\server\next.js
- C:\Users\User\Desktop\Hospital-Management-System\node_modules\next\dist\server\lib\start-server.js
- C:\Users\User\Desktop\Hospital-Management-System\node_modules\next\dist\cli\next-start.js
    at Module.<anonymous> (node:internal/modules/cjs/loader:1419:15)
    at C:\Users\User\Desktop\Hospital-Management-System\node_modules\next\dist\server\require-hook.js:55:36
    at defaultResolveImpl (node:internal/modules/cjs/loader:1057:19)
    at resolveForCJSWithHooks (node:internal/modules/cjs/loader:1062:22)
    at Module._load (node:internal/modules/cjs/loader:1225:37)
    at TracingChannel.traceSync (node:diagnostics_channel:328:14)
    at wrapModuleLoad (node:internal/modules/cjs/loader:244:24)
    at Module.<anonymous> (node:internal/modules/cjs/loader:1502:12)
    at mod.require (C:\Users\User\Desktop\Hospital-Management-System\node_modules\next\dist\server\require-hook.js:65:28)
    at require (node:internal/modules/helpers:152:16) {
  code: 'MODULE_NOT_FOUND',
  requireStack: [
    'C:\\Users\\User\\Desktop\\Hospital-Management-System\\node_modules\\next\\dist\\server\\require.js',
    'C:\\Users\\User\\Desktop\\Hospital-Management-System\\node_modules\\next\\dist\\server\\next-server.js',
    'C:\\Users\\User\\Desktop\\Hospital-Management-System\\node_modules\\next\\dist\\server\\next.js',
    'C:\\Users\\User\\Desktop\\Hospital-Management-System\\node_modules\\next\\dist\\server\\lib\\start-server.js',
    'C:\\Users\\User\\Desktop\\Hospital-Management-System\\node_modules\\next\\dist\\cli\\next-start.js'
  ]
}
 ⨯ Error: Cannot find module 'C:\Users\User\Desktop\Hospital-Management-System\.next\server\pages\_error.js'
Require stack:
- C:\Users\User\Desktop\Hospital-Management-System\node_modules\next\dist\server\require.js
- C:\Users\User\Desktop\Hospital-Management-System\node_modules\next\dist\server\next-server.js
- C:\Users\User\Desktop\Hospital-Management-System\node_modules\next\dist\server\next.js
- C:\Users\User\Desktop\Hospital-Management-System\node_modules\next\dist\server\lib\start-server.js
- C:\Users\User\Desktop\Hospital-Management-System\node_modules\next\dist\cli\next-start.js
    at Module.<anonymous> (node:internal/modules/cjs/loader:1419:15)
    at C:\Users\User\Desktop\Hospital-Management-System\node_modules\next\dist\server\require-hook.js:55:36
    at defaultResolveImpl (node:internal/modules/cjs/loader:1057:19)
    at resolveForCJSWithHooks (node:internal/modules/cjs/loader:1062:22)
    at Module._load (node:internal/modules/cjs/loader:1225:37)
    at TracingChannel.traceSync (node:diagnostics_channel:328:14)
    at wrapModuleLoad (node:internal/modules/cjs/loader:244:24)
    at Module.<anonymous> (node:internal/modules/cjs/loader:1502:12)
    at mod.require (C:\Users\User\Desktop\Hospital-Management-System\node_modules\next\dist\server\require-hook.js:65:28)
    at require (node:internal/modules/helpers:152:16) {
  code: 'MODULE_NOT_FOUND',
  requireStack: [
    'C:\\Users\\User\\Desktop\\Hospital-Management-System\\node_modules\\next\\dist\\server\\require.js',
    'C:\\Users\\User\\Desktop\\Hospital-Management-System\\node_modules\\next\\dist\\server\\next-server.js',
    'C:\\Users\\User\\Desktop\\Hospital-Management-System\\node_modules\\next\\dist\\server\\next.js',
    'C:\\Users\\User\\Desktop\\Hospital-Management-System\\node_modules\\next\\dist\\server\\lib\\start-server.js',
    'C:\\Users\\User\\Desktop\\Hospital-Management-System\\node_modules\\next\\dist\\cli\\next-start.js'
  ]
}
 ⨯ Error: Cannot find module 'C:\Users\User\Desktop\Hospital-Management-System\.next\server\pages\_error.js'
Require stack:
- C:\Users\User\Desktop\Hospital-Management-System\node_modules\next\dist\server\require.js
- C:\Users\User\Desktop\Hospital-Management-System\node_modules\next\dist\server\next-server.js
- C:\Users\User\Desktop\Hospital-Management-System\node_modules\next\dist\server\next.js
- C:\Users\User\Desktop\Hospital-Management-System\node_modules\next\dist\server\lib\start-server.js
- C:\Users\User\Desktop\Hospital-Management-System\node_modules\next\dist\cli\next-start.js
    at Module.<anonymous> (node:internal/modules/cjs/loader:1419:15)
    at C:\Users\User\Desktop\Hospital-Management-System\node_modules\next\dist\server\require-hook.js:55:36
    at defaultResolveImpl (node:internal/modules/cjs/loader:1057:19)
    at resolveForCJSWithHooks (node:internal/modules/cjs/loader:1062:22)
    at Module._load (node:internal/modules/cjs/loader:1225:37)
    at TracingChannel.traceSync (node:diagnostics_channel:328:14)
    at wrapModuleLoad (node:internal/modules/cjs/loader:244:24)
    at Module.<anonymous> (node:internal/modules/cjs/loader:1502:12)
    at mod.require (C:\Users\User\Desktop\Hospital-Management-System\node_modules\next\dist\server\require-hook.js:65:28)
    at require (node:internal/modules/helpers:152:16) {
  code: 'MODULE_NOT_FOUND',
  requireStack: [
    'C:\\Users\\User\\Desktop\\Hospital-Management-System\\node_modules\\next\\dist\\server\\require.js',
    'C:\\Users\\User\\Desktop\\Hospital-Management-System\\node_modules\\next\\dist\\server\\next-server.js',
    'C:\\Users\\User\\Desktop\\Hospital-Management-System\\node_modules\\next\\dist\\server\\next.js',
    'C:\\Users\\User\\Desktop\\Hospital-Management-System\\node_modules\\next\\dist\\server\\lib\\start-server.js',
    'C:\\Users\\User\\Desktop\\Hospital-Management-System\\node_modules\\next\\dist\\cli\\next-start.js'
  ]
}
 ⨯ Error: Cannot find module 'C:\Users\User\Desktop\Hospital-Management-System\.next\server\pages\_error.js'
Require stack:
- C:\Users\User\Desktop\Hospital-Management-System\node_modules\next\dist\server\require.js
- C:\Users\User\Desktop\Hospital-Management-System\node_modules\next\dist\server\next-server.js
- C:\Users\User\Desktop\Hospital-Management-System\node_modules\next\dist\server\next.js
- C:\Users\User\Desktop\Hospital-Management-System\node_modules\next\dist\server\lib\start-server.js
- C:\Users\User\Desktop\Hospital-Management-System\node_modules\next\dist\cli\next-start.js
    at Module.<anonymous> (node:internal/modules/cjs/loader:1419:15)
    at C:\Users\User\Desktop\Hospital-Management-System\node_modules\next\dist\server\require-hook.js:55:36
    at defaultResolveImpl (node:internal/modules/cjs/loader:1057:19)
    at resolveForCJSWithHooks (node:internal/modules/cjs/loader:1062:22)
    at Module._load (node:internal/modules/cjs/loader:1225:37)
    at TracingChannel.traceSync (node:diagnostics_channel:328:14)
    at wrapModuleLoad (node:internal/modules/cjs/loader:244:24)
    at Module.<anonymous> (node:internal/modules/cjs/loader:1502:12)
    at mod.require (C:\Users\User\Desktop\Hospital-Management-System\node_modules\next\dist\server\require-hook.js:65:28)
    at require (node:internal/modules/helpers:152:16) {
  code: 'MODULE_NOT_FOUND',
  requireStack: [
    'C:\\Users\\User\\Desktop\\Hospital-Management-System\\node_modules\\next\\dist\\server\\require.js',
    'C:\\Users\\User\\Desktop\\Hospital-Management-System\\node_modules\\next\\dist\\server\\next-server.js',
    'C:\\Users\\User\\Desktop\\Hospital-Management-System\\node_modules\\next\\dist\\server\\next.js',
    'C:\\Users\\User\\Desktop\\Hospital-Management-System\\node_modules\\next\\dist\\server\\lib\\start-server.js',
    'C:\\Users\\User\\Desktop\\Hospital-Management-System\\node_modules\\next\\dist\\cli\\next-start.js'
  ]
}
 ⨯ Error: Cannot find module 'C:\Users\User\Desktop\Hospital-Management-System\.next\server\pages\_error.js'
Require stack:
- C:\Users\User\Desktop\Hospital-Management-System\node_modules\next\dist\server\require.js
- C:\Users\User\Desktop\Hospital-Management-System\node_modules\next\dist\server\next-server.js
- C:\Users\User\Desktop\Hospital-Management-System\node_modules\next\dist\server\next.js
- C:\Users\User\Desktop\Hospital-Management-System\node_modules\next\dist\server\lib\start-server.js
- C:\Users\User\Desktop\Hospital-Management-System\node_modules\next\dist\cli\next-start.js
    at Module.<anonymous> (node:internal/modules/cjs/loader:1419:15)
    at C:\Users\User\Desktop\Hospital-Management-System\node_modules\next\dist\server\require-hook.js:55:36
    at defaultResolveImpl (node:internal/modules/cjs/loader:1057:19)
    at resolveForCJSWithHooks (node:internal/modules/cjs/loader:1062:22)
    at Module._load (node:internal/modules/cjs/loader:1225:37)
    at TracingChannel.traceSync (node:diagnostics_channel:328:14)
    at wrapModuleLoad (node:internal/modules/cjs/loader:244:24)
    at Module.<anonymous> (node:internal/modules/cjs/loader:1502:12)
    at mod.require (C:\Users\User\Desktop\Hospital-Management-System\node_modules\next\dist\server\require-hook.js:65:28)
    at require (node:internal/modules/helpers:152:16) {
  code: 'MODULE_NOT_FOUND',
  requireStack: [
    'C:\\Users\\User\\Desktop\\Hospital-Management-System\\node_modules\\next\\dist\\server\\require.js',
    'C:\\Users\\User\\Desktop\\Hospital-Management-System\\node_modules\\next\\dist\\server\\next-server.js',
    'C:\\Users\\User\\Desktop\\Hospital-Management-System\\node_modules\\next\\dist\\server\\next.js',
    'C:\\Users\\User\\Desktop\\Hospital-Management-System\\node_modules\\next\\dist\\server\\lib\\start-server.js',
    'C:\\Users\\User\\Desktop\\Hospital-Management-System\\node_modules\\next\\dist\\cli\\next-start.js'
  ]
}
 ⨯ Error: Cannot find module 'C:\Users\User\Desktop\Hospital-Management-System\.next\server\pages\_error.js'
Require stack:
- C:\Users\User\Desktop\Hospital-Management-System\node_modules\next\dist\server\require.js
- C:\Users\User\Desktop\Hospital-Management-System\node_modules\next\dist\server\next-server.js
- C:\Users\User\Desktop\Hospital-Management-System\node_modules\next\dist\server\next.js
- C:\Users\User\Desktop\Hospital-Management-System\node_modules\next\dist\server\lib\start-server.js
- C:\Users\User\Desktop\Hospital-Management-System\node_modules\next\dist\cli\next-start.js
    at Module.<anonymous> (node:internal/modules/cjs/loader:1419:15)
    at C:\Users\User\Desktop\Hospital-Management-System\node_modules\next\dist\server\require-hook.js:55:36
    at defaultResolveImpl (node:internal/modules/cjs/loader:1057:19)
    at resolveForCJSWithHooks (node:internal/modules/cjs/loader:1062:22)
    at Module._load (node:internal/modules/cjs/loader:1225:37)
    at TracingChannel.traceSync (node:diagnostics_channel:328:14)
    at wrapModuleLoad (node:internal/modules/cjs/loader:244:24)
    at Module.<anonymous> (node:internal/modules/cjs/loader:1502:12)
    at mod.require (C:\Users\User\Desktop\Hospital-Management-System\node_modules\next\dist\server\require-hook.js:65:28)
    at require (node:internal/modules/helpers:152:16) {
  code: 'MODULE_NOT_FOUND',
  requireStack: [
    'C:\\Users\\User\\Desktop\\Hospital-Management-System\\node_modules\\next\\dist\\server\\require.js',
    'C:\\Users\\User\\Desktop\\Hospital-Management-System\\node_modules\\next\\dist\\server\\next-server.js',
    'C:\\Users\\User\\Desktop\\Hospital-Management-System\\node_modules\\next\\dist\\server\\next.js',
    'C:\\Users\\User\\Desktop\\Hospital-Management-System\\node_modules\\next\\dist\\server\\lib\\start-server.js',
    'C:\\Users\\User\\Desktop\\Hospital-Management-System\\node_modules\\next\\dist\\cli\\next-start.js'
  ]
}
 ⨯ Error: Cannot find module 'C:\Users\User\Desktop\Hospital-Management-System\.next\server\pages\_error.js'
Require stack:
- C:\Users\User\Desktop\Hospital-Management-System\node_modules\next\dist\server\require.js
- C:\Users\User\Desktop\Hospital-Management-System\node_modules\next\dist\server\next-server.js
- C:\Users\User\Desktop\Hospital-Management-System\node_modules\next\dist\server\next.js
- C:\Users\User\Desktop\Hospital-Management-System\node_modules\next\dist\server\lib\start-server.js
- C:\Users\User\Desktop\Hospital-Management-System\node_modules\next\dist\cli\next-start.js
    at Module.<anonymous> (node:internal/modules/cjs/loader:1419:15)
    at C:\Users\User\Desktop\Hospital-Management-System\node_modules\next\dist\server\require-hook.js:55:36
    at defaultResolveImpl (node:internal/modules/cjs/loader:1057:19)
    at resolveForCJSWithHooks (node:internal/modules/cjs/loader:1062:22)
    at Module._load (node:internal/modules/cjs/loader:1225:37)
    at TracingChannel.traceSync (node:diagnostics_channel:328:14)
    at wrapModuleLoad (node:internal/modules/cjs/loader:244:24)
    at Module.<anonymous> (node:internal/modules/cjs/loader:1502:12)
    at mod.require (C:\Users\User\Desktop\Hospital-Management-System\node_modules\next\dist\server\require-hook.js:65:28)
    at require (node:internal/modules/helpers:152:16) {
  code: 'MODULE_NOT_FOUND',
  requireStack: [
    'C:\\Users\\User\\Desktop\\Hospital-Management-System\\node_modules\\next\\dist\\server\\require.js',
    'C:\\Users\\User\\Desktop\\Hospital-Management-System\\node_modules\\next\\dist\\server\\next-server.js',
    'C:\\Users\\User\\Desktop\\Hospital-Management-System\\node_modules\\next\\dist\\server\\next.js',
    'C:\\Users\\User\\Desktop\\Hospital-Management-System\\node_modules\\next\\dist\\server\\lib\\start-server.js',
    'C:\\Users\\User\\Desktop\\Hospital-Management-System\\node_modules\\next\\dist\\cli\\next-start.js'
  ]
}
 ⨯ Error: Cannot find module 'C:\Users\User\Desktop\Hospital-Management-System\.next\server\app\login\page.js'
Require stack:
- C:\Users\User\Desktop\Hospital-Management-System\node_modules\next\dist\server\require.js
- C:\Users\User\Desktop\Hospital-Management-System\node_modules\next\dist\server\next-server.js
- C:\Users\User\Desktop\Hospital-Management-System\node_modules\next\dist\server\next.js
- C:\Users\User\Desktop\Hospital-Management-System\node_modules\next\dist\server\lib\start-server.js
- C:\Users\User\Desktop\Hospital-Management-System\node_modules\next\dist\cli\next-start.js
    at Module.<anonymous> (node:internal/modules/cjs/loader:1419:15)
    at C:\Users\User\Desktop\Hospital-Management-System\node_modules\next\dist\server\require-hook.js:55:36
    at defaultResolveImpl (node:internal/modules/cjs/loader:1057:19)
    at resolveForCJSWithHooks (node:internal/modules/cjs/loader:1062:22)
    at Module._load (node:internal/modules/cjs/loader:1225:37)
    at TracingChannel.traceSync (node:diagnostics_channel:328:14)
    at wrapModuleLoad (node:internal/modules/cjs/loader:244:24)
    at Module.<anonymous> (node:internal/modules/cjs/loader:1502:12)
    at mod.require (C:\Users\User\Desktop\Hospital-Management-System\node_modules\next\dist\server\require-hook.js:65:28)
    at require (node:internal/modules/helpers:152:16) {
  code: 'MODULE_NOT_FOUND',
  requireStack: [
    'C:\\Users\\User\\Desktop\\Hospital-Management-System\\node_modules\\next\\dist\\server\\require.js',
    'C:\\Users\\User\\Desktop\\Hospital-Management-System\\node_modules\\next\\dist\\server\\next-server.js',
    'C:\\Users\\User\\Desktop\\Hospital-Management-System\\node_modules\\next\\dist\\server\\next.js',
    'C:\\Users\\User\\Desktop\\Hospital-Management-System\\node_modules\\next\\dist\\server\\lib\\start-server.js',
    'C:\\Users\\User\\Desktop\\Hospital-Management-System\\node_modules\\next\\dist\\cli\\next-start.js'
  ]
}
 ⨯ Error: Cannot find module 'C:\Users\User\Desktop\Hospital-Management-System\.next\server\pages\_error.js'
Require stack:
- C:\Users\User\Desktop\Hospital-Management-System\node_modules\next\dist\server\require.js
- C:\Users\User\Desktop\Hospital-Management-System\node_modules\next\dist\server\next-server.js
- C:\Users\User\Desktop\Hospital-Management-System\node_modules\next\dist\server\next.js
- C:\Users\User\Desktop\Hospital-Management-System\node_modules\next\dist\server\lib\start-server.js
- C:\Users\User\Desktop\Hospital-Management-System\node_modules\next\dist\cli\next-start.js
    at Module.<anonymous> (node:internal/modules/cjs/loader:1419:15)
    at C:\Users\User\Desktop\Hospital-Management-System\node_modules\next\dist\server\require-hook.js:55:36
    at defaultResolveImpl (node:internal/modules/cjs/loader:1057:19)
    at resolveForCJSWithHooks (node:internal/modules/cjs/loader:1062:22)
    at Module._load (node:internal/modules/cjs/loader:1225:37)
    at TracingChannel.traceSync (node:diagnostics_channel:328:14)
    at wrapModuleLoad (node:internal/modules/cjs/loader:244:24)
    at Module.<anonymous> (node:internal/modules/cjs/loader:1502:12)
    at mod.require (C:\Users\User\Desktop\Hospital-Management-System\node_modules\next\dist\server\require-hook.js:65:28)
    at require (node:internal/modules/helpers:152:16) {
  code: 'MODULE_NOT_FOUND',
  requireStack: [
    'C:\\Users\\User\\Desktop\\Hospital-Management-System\\node_modules\\next\\dist\\server\\require.js',
    'C:\\Users\\User\\Desktop\\Hospital-Management-System\\node_modules\\next\\dist\\server\\next-server.js',
    'C:\\Users\\User\\Desktop\\Hospital-Management-System\\node_modules\\next\\dist\\server\\next.js',
    'C:\\Users\\User\\Desktop\\Hospital-Management-System\\node_modules\\next\\dist\\server\\lib\\start-server.js',
    'C:\\Users\\User\\Desktop\\Hospital-Management-System\\node_modules\\next\\dist\\cli\\next-start.js'
  ]
}
 ⨯ Error: Cannot find module 'C:\Users\User\Desktop\Hospital-Management-System\.next\server\app\register\page.js'
Require stack:
- C:\Users\User\Desktop\Hospital-Management-System\node_modules\next\dist\server\require.js
- C:\Users\User\Desktop\Hospital-Management-System\node_modules\next\dist\server\next-server.js
- C:\Users\User\Desktop\Hospital-Management-System\node_modules\next\dist\server\next.js
- C:\Users\User\Desktop\Hospital-Management-System\node_modules\next\dist\server\lib\start-server.js
- C:\Users\User\Desktop\Hospital-Management-System\node_modules\next\dist\cli\next-start.js
    at Module.<anonymous> (node:internal/modules/cjs/loader:1419:15)
    at C:\Users\User\Desktop\Hospital-Management-System\node_modules\next\dist\server\require-hook.js:55:36
    at defaultResolveImpl (node:internal/modules/cjs/loader:1057:19)
    at resolveForCJSWithHooks (node:internal/modules/cjs/loader:1062:22)
    at Module._load (node:internal/modules/cjs/loader:1225:37)
    at TracingChannel.traceSync (node:diagnostics_channel:328:14)
    at wrapModuleLoad (node:internal/modules/cjs/loader:244:24)
    at Module.<anonymous> (node:internal/modules/cjs/loader:1502:12)
    at mod.require (C:\Users\User\Desktop\Hospital-Management-System\node_modules\next\dist\server\require-hook.js:65:28)
    at require (node:internal/modules/helpers:152:16) {
  code: 'MODULE_NOT_FOUND',
  requireStack: [
    'C:\\Users\\User\\Desktop\\Hospital-Management-System\\node_modules\\next\\dist\\server\\require.js',
    'C:\\Users\\User\\Desktop\\Hospital-Management-System\\node_modules\\next\\dist\\server\\next-server.js',
    'C:\\Users\\User\\Desktop\\Hospital-Management-System\\node_modules\\next\\dist\\server\\next.js',
    'C:\\Users\\User\\Desktop\\Hospital-Management-System\\node_modules\\next\\dist\\server\\lib\\start-server.js',
    'C:\\Users\\User\\Desktop\\Hospital-Management-System\\node_modules\\next\\dist\\cli\\next-start.js'
  ]
}
 ⨯ Error: Cannot find module 'C:\Users\User\Desktop\Hospital-Management-System\.next\server\pages\_error.js'
Require stack:
- C:\Users\User\Desktop\Hospital-Management-System\node_modules\next\dist\server\require.js
- C:\Users\User\Desktop\Hospital-Management-System\node_modules\next\dist\server\next-server.js
- C:\Users\User\Desktop\Hospital-Management-System\node_modules\next\dist\server\next.js
- C:\Users\User\Desktop\Hospital-Management-System\node_modules\next\dist\server\lib\start-server.js
- C:\Users\User\Desktop\Hospital-Management-System\node_modules\next\dist\cli\next-start.js
    at Module.<anonymous> (node:internal/modules/cjs/loader:1419:15)
    at C:\Users\User\Desktop\Hospital-Management-System\node_modules\next\dist\server\require-hook.js:55:36
    at defaultResolveImpl (node:internal/modules/cjs/loader:1057:19)
    at resolveForCJSWithHooks (node:internal/modules/cjs/loader:1062:22)
    at Module._load (node:internal/modules/cjs/loader:1225:37)
    at TracingChannel.traceSync (node:diagnostics_channel:328:14)
    at wrapModuleLoad (node:internal/modules/cjs/loader:244:24)
    at Module.<anonymous> (node:internal/modules/cjs/loader:1502:12)
    at mod.require (C:\Users\User\Desktop\Hospital-Management-System\node_modules\next\dist\server\require-hook.js:65:28)
    at require (node:internal/modules/helpers:152:16) {
  code: 'MODULE_NOT_FOUND',
  requireStack: [
    'C:\\Users\\User\\Desktop\\Hospital-Management-System\\node_modules\\next\\dist\\server\\require.js',
    'C:\\Users\\User\\Desktop\\Hospital-Management-System\\node_modules\\next\\dist\\server\\next-server.js',
    'C:\\Users\\User\\Desktop\\Hospital-Management-System\\node_modules\\next\\dist\\server\\next.js',
    'C:\\Users\\User\\Desktop\\Hospital-Management-System\\node_modules\\next\\dist\\server\\lib\\start-server.js',
    'C:\\Users\\User\\Desktop\\Hospital-Management-System\\node_modules\\next\\dist\\cli\\next-start.js'
  ]
}
 ⨯ Error: Cannot find module 'C:\Users\User\Desktop\Hospital-Management-System\.next\server\pages\_error.js'
Require stack:
- C:\Users\User\Desktop\Hospital-Management-System\node_modules\next\dist\server\require.js
- C:\Users\User\Desktop\Hospital-Management-System\node_modules\next\dist\server\next-server.js
- C:\Users\User\Desktop\Hospital-Management-System\node_modules\next\dist\server\next.js
- C:\Users\User\Desktop\Hospital-Management-System\node_modules\next\dist\server\lib\start-server.js
- C:\Users\User\Desktop\Hospital-Management-System\node_modules\next\dist\cli\next-start.js
    at Module.<anonymous> (node:internal/modules/cjs/loader:1419:15)
    at C:\Users\User\Desktop\Hospital-Management-System\node_modules\next\dist\server\require-hook.js:55:36
    at defaultResolveImpl (node:internal/modules/cjs/loader:1057:19)
    at resolveForCJSWithHooks (node:internal/modules/cjs/loader:1062:22)
    at Module._load (node:internal/modules/cjs/loader:1225:37)
    at TracingChannel.traceSync (node:diagnostics_channel:328:14)
    at wrapModuleLoad (node:internal/modules/cjs/loader:244:24)
    at Module.<anonymous> (node:internal/modules/cjs/loader:1502:12)
    at mod.require (C:\Users\User\Desktop\Hospital-Management-System\node_modules\next\dist\server\require-hook.js:65:28)
    at require (node:internal/modules/helpers:152:16) {
  code: 'MODULE_NOT_FOUND',
  requireStack: [
    'C:\\Users\\User\\Desktop\\Hospital-Management-System\\node_modules\\next\\dist\\server\\require.js',
    'C:\\Users\\User\\Desktop\\Hospital-Management-System\\node_modules\\next\\dist\\server\\next-server.js',
    'C:\\Users\\User\\Desktop\\Hospital-Management-System\\node_modules\\next\\dist\\server\\next.js',
    'C:\\Users\\User\\Desktop\\Hospital-Management-System\\node_modules\\next\\dist\\server\\lib\\start-server.js',
    'C:\\Users\\User\\Desktop\\Hospital-Management-System\\node_modules\\next\\dist\\cli\\next-start.js'
  ]
}
 ⨯ Error: Cannot find module 'C:\Users\User\Desktop\Hospital-Management-System\.next\server\pages\_error.js'
Require stack:
- C:\Users\User\Desktop\Hospital-Management-System\node_modules\next\dist\server\require.js
- C:\Users\User\Desktop\Hospital-Management-System\node_modules\next\dist\server\next-server.js
- C:\Users\User\Desktop\Hospital-Management-System\node_modules\next\dist\server\next.js
- C:\Users\User\Desktop\Hospital-Management-System\node_modules\next\dist\server\lib\start-server.js
- C:\Users\User\Desktop\Hospital-Management-System\node_modules\next\dist\cli\next-start.js
    at Module.<anonymous> (node:internal/modules/cjs/loader:1419:15)
    at C:\Users\User\Desktop\Hospital-Management-System\node_modules\next\dist\server\require-hook.js:55:36
    at defaultResolveImpl (node:internal/modules/cjs/loader:1057:19)
    at resolveForCJSWithHooks (node:internal/modules/cjs/loader:1062:22)
    at Module._load (node:internal/modules/cjs/loader:1225:37)
    at TracingChannel.traceSync (node:diagnostics_channel:328:14)
    at wrapModuleLoad (node:internal/modules/cjs/loader:244:24)
    at Module.<anonymous> (node:internal/modules/cjs/loader:1502:12)
    at mod.require (C:\Users\User\Desktop\Hospital-Management-System\node_modules\next\dist\server\require-hook.js:65:28)
    at require (node:internal/modules/helpers:152:16) {
  code: 'MODULE_NOT_FOUND',
  requireStack: [
    'C:\\Users\\User\\Desktop\\Hospital-Management-System\\node_modules\\next\\dist\\server\\require.js',
    'C:\\Users\\User\\Desktop\\Hospital-Management-System\\node_modules\\next\\dist\\server\\next-server.js',
    'C:\\Users\\User\\Desktop\\Hospital-Management-System\\node_modules\\next\\dist\\server\\next.js',
    'C:\\Users\\User\\Desktop\\Hospital-Management-System\\node_modules\\next\\dist\\server\\lib\\start-server.js',
    'C:\\Users\\User\\Desktop\\Hospital-Management-System\\node_modules\\next\\dist\\cli\\next-start.js'
  ]
}
 ⨯ Error: Cannot find module 'C:\Users\User\Desktop\Hospital-Management-System\.next\server\pages\_error.js'
Require stack:
- C:\Users\User\Desktop\Hospital-Management-System\node_modules\next\dist\server\require.js
- C:\Users\User\Desktop\Hospital-Management-System\node_modules\next\dist\server\next-server.js
- C:\Users\User\Desktop\Hospital-Management-System\node_modules\next\dist\server\next.js
- C:\Users\User\Desktop\Hospital-Management-System\node_modules\next\dist\server\lib\start-server.js
- C:\Users\User\Desktop\Hospital-Management-System\node_modules\next\dist\cli\next-start.js
    at Module.<anonymous> (node:internal/modules/cjs/loader:1419:15)
    at C:\Users\User\Desktop\Hospital-Management-System\node_modules\next\dist\server\require-hook.js:55:36
    at defaultResolveImpl (node:internal/modules/cjs/loader:1057:19)
    at resolveForCJSWithHooks (node:internal/modules/cjs/loader:1062:22)
    at Module._load (node:internal/modules/cjs/loader:1225:37)
    at TracingChannel.traceSync (node:diagnostics_channel:328:14)
    at wrapModuleLoad (node:internal/modules/cjs/loader:244:24)
    at Module.<anonymous> (node:internal/modules/cjs/loader:1502:12)
    at mod.require (C:\Users\User\Desktop\Hospital-Management-System\node_modules\next\dist\server\require-hook.js:65:28)
    at require (node:internal/modules/helpers:152:16) {
  code: 'MODULE_NOT_FOUND',
  requireStack: [
    'C:\\Users\\User\\Desktop\\Hospital-Management-System\\node_modules\\next\\dist\\server\\require.js',
    'C:\\Users\\User\\Desktop\\Hospital-Management-System\\node_modules\\next\\dist\\server\\next-server.js',
    'C:\\Users\\User\\Desktop\\Hospital-Management-System\\node_modules\\next\\dist\\server\\next.js',
    'C:\\Users\\User\\Desktop\\Hospital-Management-System\\node_modules\\next\\dist\\server\\lib\\start-server.js',
    'C:\\Users\\User\\Desktop\\Hospital-Management-System\\node_modules\\next\\dist\\cli\\next-start.js'
  ]
}
 ⨯ Error: Cannot find module 'C:\Users\User\Desktop\Hospital-Management-System\.next\server\pages\_error.js'
Require stack:
- C:\Users\User\Desktop\Hospital-Management-System\node_modules\next\dist\server\require.js
- C:\Users\User\Desktop\Hospital-Management-System\node_modules\next\dist\server\next-server.js
- C:\Users\User\Desktop\Hospital-Management-System\node_modules\next\dist\server\next.js
- C:\Users\User\Desktop\Hospital-Management-System\node_modules\next\dist\server\lib\start-server.js
- C:\Users\User\Desktop\Hospital-Management-System\node_modules\next\dist\cli\next-start.js
    at Module.<anonymous> (node:internal/modules/cjs/loader:1419:15)
    at C:\Users\User\Desktop\Hospital-Management-System\node_modules\next\dist\server\require-hook.js:55:36
    at defaultResolveImpl (node:internal/modules/cjs/loader:1057:19)
    at resolveForCJSWithHooks (node:internal/modules/cjs/loader:1062:22)
    at Module._load (node:internal/modules/cjs/loader:1225:37)
    at TracingChannel.traceSync (node:diagnostics_channel:328:14)
    at wrapModuleLoad (node:internal/modules/cjs/loader:244:24)
    at Module.<anonymous> (node:internal/modules/cjs/loader:1502:12)
    at mod.require (C:\Users\User\Desktop\Hospital-Management-System\node_modules\next\dist\server\require-hook.js:65:28)
    at require (node:internal/modules/helpers:152:16) {
  code: 'MODULE_NOT_FOUND',
  requireStack: [
    'C:\\Users\\User\\Desktop\\Hospital-Management-System\\node_modules\\next\\dist\\server\\require.js',
    'C:\\Users\\User\\Desktop\\Hospital-Management-System\\node_modules\\next\\dist\\server\\next-server.js',
    'C:\\Users\\User\\Desktop\\Hospital-Management-System\\node_modules\\next\\dist\\server\\next.js',
    'C:\\Users\\User\\Desktop\\Hospital-Management-System\\node_modules\\next\\dist\\server\\lib\\start-server.js',
    'C:\\Users\\User\\Desktop\\Hospital-Management-System\\node_modules\\next\\dist\\cli\\next-start.js'
  ]
}
 ⨯ Error: Cannot find module 'C:\Users\User\Desktop\Hospital-Management-System\.next\server\pages\_error.js'
Require stack:
- C:\Users\User\Desktop\Hospital-Management-System\node_modules\next\dist\server\require.js
- C:\Users\User\Desktop\Hospital-Management-System\node_modules\next\dist\server\next-server.js
- C:\Users\User\Desktop\Hospital-Management-System\node_modules\next\dist\server\next.js
- C:\Users\User\Desktop\Hospital-Management-System\node_modules\next\dist\server\lib\start-server.js
- C:\Users\User\Desktop\Hospital-Management-System\node_modules\next\dist\cli\next-start.js
    at Module.<anonymous> (node:internal/modules/cjs/loader:1419:15)
    at C:\Users\User\Desktop\Hospital-Management-System\node_modules\next\dist\server\require-hook.js:55:36
    at defaultResolveImpl (node:internal/modules/cjs/loader:1057:19)
    at resolveForCJSWithHooks (node:internal/modules/cjs/loader:1062:22)
    at Module._load (node:internal/modules/cjs/loader:1225:37)
    at TracingChannel.traceSync (node:diagnostics_channel:328:14)
    at wrapModuleLoad (node:internal/modules/cjs/loader:244:24)
    at Module.<anonymous> (node:internal/modules/cjs/loader:1502:12)
    at mod.require (C:\Users\User\Desktop\Hospital-Management-System\node_modules\next\dist\server\require-hook.js:65:28)
    at require (node:internal/modules/helpers:152:16) {
  code: 'MODULE_NOT_FOUND',
  requireStack: [
    'C:\\Users\\User\\Desktop\\Hospital-Management-System\\node_modules\\next\\dist\\server\\require.js',
    'C:\\Users\\User\\Desktop\\Hospital-Management-System\\node_modules\\next\\dist\\server\\next-server.js',
    'C:\\Users\\User\\Desktop\\Hospital-Management-System\\node_modules\\next\\dist\\server\\next.js',
    'C:\\Users\\User\\Desktop\\Hospital-Management-System\\node_modules\\next\\dist\\server\\lib\\start-server.js',
    'C:\\Users\\User\\Desktop\\Hospital-Management-System\\node_modules\\next\\dist\\cli\\next-start.js'
  ]
}
 ⨯ Error: Cannot find module 'C:\Users\User\Desktop\Hospital-Management-System\.next\server\pages\_error.js'
Require stack:
- C:\Users\User\Desktop\Hospital-Management-System\node_modules\next\dist\server\require.js
- C:\Users\User\Desktop\Hospital-Management-System\node_modules\next\dist\server\next-server.js
- C:\Users\User\Desktop\Hospital-Management-System\node_modules\next\dist\server\next.js
- C:\Users\User\Desktop\Hospital-Management-System\node_modules\next\dist\server\lib\start-server.js
- C:\Users\User\Desktop\Hospital-Management-System\node_modules\next\dist\cli\next-start.js
    at Module.<anonymous> (node:internal/modules/cjs/loader:1419:15)
    at C:\Users\User\Desktop\Hospital-Management-System\node_modules\next\dist\server\require-hook.js:55:36
    at defaultResolveImpl (node:internal/modules/cjs/loader:1057:19)
    at resolveForCJSWithHooks (node:internal/modules/cjs/loader:1062:22)
    at Module._load (node:internal/modules/cjs/loader:1225:37)
    at TracingChannel.traceSync (node:diagnostics_channel:328:14)
    at wrapModuleLoad (node:internal/modules/cjs/loader:244:24)
    at Module.<anonymous> (node:internal/modules/cjs/loader:1502:12)
    at mod.require (C:\Users\User\Desktop\Hospital-Management-System\node_modules\next\dist\server\require-hook.js:65:28)
    at require (node:internal/modules/helpers:152:16) {
  code: 'MODULE_NOT_FOUND',
  requireStack: [
    'C:\\Users\\User\\Desktop\\Hospital-Management-System\\node_modules\\next\\dist\\server\\require.js',
    'C:\\Users\\User\\Desktop\\Hospital-Management-System\\node_modules\\next\\dist\\server\\next-server.js',
    'C:\\Users\\User\\Desktop\\Hospital-Management-System\\node_modules\\next\\dist\\server\\next.js',
    'C:\\Users\\User\\Desktop\\Hospital-Management-System\\node_modules\\next\\dist\\server\\lib\\start-server.js',
    'C:\\Users\\User\\Desktop\\Hospital-Management-System\\node_modules\\next\\dist\\cli\\next-start.js'
  ]
}
 ⨯ Error: Cannot find module 'C:\Users\User\Desktop\Hospital-Management-System\.next\server\pages\_error.js'
Require stack:
- C:\Users\User\Desktop\Hospital-Management-System\node_modules\next\dist\server\require.js
- C:\Users\User\Desktop\Hospital-Management-System\node_modules\next\dist\server\next-server.js
- C:\Users\User\Desktop\Hospital-Management-System\node_modules\next\dist\server\next.js
- C:\Users\User\Desktop\Hospital-Management-System\node_modules\next\dist\server\lib\start-server.js
- C:\Users\User\Desktop\Hospital-Management-System\node_modules\next\dist\cli\next-start.js
    at Module.<anonymous> (node:internal/modules/cjs/loader:1419:15)
    at C:\Users\User\Desktop\Hospital-Management-System\node_modules\next\dist\server\require-hook.js:55:36
    at defaultResolveImpl (node:internal/modules/cjs/loader:1057:19)
    at resolveForCJSWithHooks (node:internal/modules/cjs/loader:1062:22)
    at Module._load (node:internal/modules/cjs/loader:1225:37)
    at TracingChannel.traceSync (node:diagnostics_channel:328:14)
    at wrapModuleLoad (node:internal/modules/cjs/loader:244:24)
    at Module.<anonymous> (node:internal/modules/cjs/loader:1502:12)
    at mod.require (C:\Users\User\Desktop\Hospital-Management-System\node_modules\next\dist\server\require-hook.js:65:28)
    at require (node:internal/modules/helpers:152:16) {
  code: 'MODULE_NOT_FOUND',
  requireStack: [
    'C:\\Users\\User\\Desktop\\Hospital-Management-System\\node_modules\\next\\dist\\server\\require.js',
    'C:\\Users\\User\\Desktop\\Hospital-Management-System\\node_modules\\next\\dist\\server\\next-server.js',
    'C:\\Users\\User\\Desktop\\Hospital-Management-System\\node_modules\\next\\dist\\server\\next.js',
    'C:\\Users\\User\\Desktop\\Hospital-Management-System\\node_modules\\next\\dist\\server\\lib\\start-server.js',
    'C:\\Users\\User\\Desktop\\Hospital-Management-System\\node_modules\\next\\dist\\cli\\next-start.js'
  ]
}
 ⨯ Error: Cannot find module 'C:\Users\User\Desktop\Hospital-Management-System\.next\server\pages\_error.js'
Require stack:
- C:\Users\User\Desktop\Hospital-Management-System\node_modules\next\dist\server\require.js
- C:\Users\User\Desktop\Hospital-Management-System\node_modules\next\dist\server\next-server.js
- C:\Users\User\Desktop\Hospital-Management-System\node_modules\next\dist\server\next.js
- C:\Users\User\Desktop\Hospital-Management-System\node_modules\next\dist\server\lib\start-server.js
- C:\Users\User\Desktop\Hospital-Management-System\node_modules\next\dist\cli\next-start.js
    at Module.<anonymous> (node:internal/modules/cjs/loader:1419:15)
    at C:\Users\User\Desktop\Hospital-Management-System\node_modules\next\dist\server\require-hook.js:55:36
    at defaultResolveImpl (node:internal/modules/cjs/loader:1057:19)
    at resolveForCJSWithHooks (node:internal/modules/cjs/loader:1062:22)
    at Module._load (node:internal/modules/cjs/loader:1225:37)
    at TracingChannel.traceSync (node:diagnostics_channel:328:14)
    at wrapModuleLoad (node:internal/modules/cjs/loader:244:24)
    at Module.<anonymous> (node:internal/modules/cjs/loader:1502:12)
    at mod.require (C:\Users\User\Desktop\Hospital-Management-System\node_modules\next\dist\server\require-hook.js:65:28)
    at require (node:internal/modules/helpers:152:16) {
  code: 'MODULE_NOT_FOUND',
  requireStack: [
    'C:\\Users\\User\\Desktop\\Hospital-Management-System\\node_modules\\next\\dist\\server\\require.js',
    'C:\\Users\\User\\Desktop\\Hospital-Management-System\\node_modules\\next\\dist\\server\\next-server.js',
    'C:\\Users\\User\\Desktop\\Hospital-Management-System\\node_modules\\next\\dist\\server\\next.js',
    'C:\\Users\\User\\Desktop\\Hospital-Management-System\\node_modules\\next\\dist\\server\\lib\\start-server.js',
    'C:\\Users\\User\\Desktop\\Hospital-Management-System\\node_modules\\next\\dist\\cli\\next-start.js'
  ]
}
 ⨯ Error: Cannot find module 'C:\Users\User\Desktop\Hospital-Management-System\.next\server\pages\_error.js'
Require stack:
- C:\Users\User\Desktop\Hospital-Management-System\node_modules\next\dist\server\require.js
- C:\Users\User\Desktop\Hospital-Management-System\node_modules\next\dist\server\next-server.js
- C:\Users\User\Desktop\Hospital-Management-System\node_modules\next\dist\server\next.js
- C:\Users\User\Desktop\Hospital-Management-System\node_modules\next\dist\server\lib\start-server.js
- C:\Users\User\Desktop\Hospital-Management-System\node_modules\next\dist\cli\next-start.js
    at Module.<anonymous> (node:internal/modules/cjs/loader:1419:15)
    at C:\Users\User\Desktop\Hospital-Management-System\node_modules\next\dist\server\require-hook.js:55:36
    at defaultResolveImpl (node:internal/modules/cjs/loader:1057:19)
    at resolveForCJSWithHooks (node:internal/modules/cjs/loader:1062:22)
    at Module._load (node:internal/modules/cjs/loader:1225:37)
    at TracingChannel.traceSync (node:diagnostics_channel:328:14)
    at wrapModuleLoad (node:internal/modules/cjs/loader:244:24)
    at Module.<anonymous> (node:internal/modules/cjs/loader:1502:12)
    at mod.require (C:\Users\User\Desktop\Hospital-Management-System\node_modules\next\dist\server\require-hook.js:65:28)
    at require (node:internal/modules/helpers:152:16) {
  code: 'MODULE_NOT_FOUND',
  requireStack: [
    'C:\\Users\\User\\Desktop\\Hospital-Management-System\\node_modules\\next\\dist\\server\\require.js',
    'C:\\Users\\User\\Desktop\\Hospital-Management-System\\node_modules\\next\\dist\\server\\next-server.js',
    'C:\\Users\\User\\Desktop\\Hospital-Management-System\\node_modules\\next\\dist\\server\\next.js',
    'C:\\Users\\User\\Desktop\\Hospital-Management-System\\node_modules\\next\\dist\\server\\lib\\start-server.js',
    'C:\\Users\\User\\Desktop\\Hospital-Management-System\\node_modules\\next\\dist\\cli\\next-start.js'
  ]
}
 ⨯ Error: Cannot find module 'C:\Users\User\Desktop\Hospital-Management-System\.next\server\pages\_error.js'
Require stack:
- C:\Users\User\Desktop\Hospital-Management-System\node_modules\next\dist\server\require.js
- C:\Users\User\Desktop\Hospital-Management-System\node_modules\next\dist\server\next-server.js
- C:\Users\User\Desktop\Hospital-Management-System\node_modules\next\dist\server\next.js
- C:\Users\User\Desktop\Hospital-Management-System\node_modules\next\dist\server\lib\start-server.js
- C:\Users\User\Desktop\Hospital-Management-System\node_modules\next\dist\cli\next-start.js
    at Module.<anonymous> (node:internal/modules/cjs/loader:1419:15)
    at C:\Users\User\Desktop\Hospital-Management-System\node_modules\next\dist\server\require-hook.js:55:36
    at defaultResolveImpl (node:internal/modules/cjs/loader:1057:19)
    at resolveForCJSWithHooks (node:internal/modules/cjs/loader:1062:22)
    at Module._load (node:internal/modules/cjs/loader:1225:37)
    at TracingChannel.traceSync (node:diagnostics_channel:328:14)
    at wrapModuleLoad (node:internal/modules/cjs/loader:244:24)
    at Module.<anonymous> (node:internal/modules/cjs/loader:1502:12)
    at mod.require (C:\Users\User\Desktop\Hospital-Management-System\node_modules\next\dist\server\require-hook.js:65:28)
    at require (node:internal/modules/helpers:152:16) {
  code: 'MODULE_NOT_FOUND',
  requireStack: [
    'C:\\Users\\User\\Desktop\\Hospital-Management-System\\node_modules\\next\\dist\\server\\require.js',
    'C:\\Users\\User\\Desktop\\Hospital-Management-System\\node_modules\\next\\dist\\server\\next-server.js',
    'C:\\Users\\User\\Desktop\\Hospital-Management-System\\node_modules\\next\\dist\\server\\next.js',
    'C:\\Users\\User\\Desktop\\Hospital-Management-System\\node_modules\\next\\dist\\server\\lib\\start-server.js',
    'C:\\Users\\User\\Desktop\\Hospital-Management-System\\node_modules\\next\\dist\\cli\\next-start.js'
  ]
}
 ⨯ Error: Cannot find module 'C:\Users\User\Desktop\Hospital-Management-System\.next\server\pages\_error.js'
Require stack:
- C:\Users\User\Desktop\Hospital-Management-System\node_modules\next\dist\server\require.js
- C:\Users\User\Desktop\Hospital-Management-System\node_modules\next\dist\server\next-server.js
- C:\Users\User\Desktop\Hospital-Management-System\node_modules\next\dist\server\next.js
- C:\Users\User\Desktop\Hospital-Management-System\node_modules\next\dist\server\lib\start-server.js
- C:\Users\User\Desktop\Hospital-Management-System\node_modules\next\dist\cli\next-start.js
    at Module.<anonymous> (node:internal/modules/cjs/loader:1419:15)
    at C:\Users\User\Desktop\Hospital-Management-System\node_modules\next\dist\server\require-hook.js:55:36
    at defaultResolveImpl (node:internal/modules/cjs/loader:1057:19)
    at resolveForCJSWithHooks (node:internal/modules/cjs/loader:1062:22)
    at Module._load (node:internal/modules/cjs/loader:1225:37)
    at TracingChannel.traceSync (node:diagnostics_channel:328:14)
    at wrapModuleLoad (node:internal/modules/cjs/loader:244:24)
    at Module.<anonymous> (node:internal/modules/cjs/loader:1502:12)
    at mod.require (C:\Users\User\Desktop\Hospital-Management-System\node_modules\next\dist\server\require-hook.js:65:28)
    at require (node:internal/modules/helpers:152:16) {
  code: 'MODULE_NOT_FOUND',
  requireStack: [
    'C:\\Users\\User\\Desktop\\Hospital-Management-System\\node_modules\\next\\dist\\server\\require.js',
    'C:\\Users\\User\\Desktop\\Hospital-Management-System\\node_modules\\next\\dist\\server\\next-server.js',
    'C:\\Users\\User\\Desktop\\Hospital-Management-System\\node_modules\\next\\dist\\server\\next.js',
    'C:\\Users\\User\\Desktop\\Hospital-Management-System\\node_modules\\next\\dist\\server\\lib\\start-server.js',
    'C:\\Users\\User\\Desktop\\Hospital-Management-System\\node_modules\\next\\dist\\cli\\next-start.js'
  ]
}
 ⨯ Error: Cannot find module 'C:\Users\User\Desktop\Hospital-Management-System\.next\server\app\auth\register\page.js'
Require stack:
- C:\Users\User\Desktop\Hospital-Management-System\node_modules\next\dist\server\require.js
- C:\Users\User\Desktop\Hospital-Management-System\node_modules\next\dist\server\next-server.js
- C:\Users\User\Desktop\Hospital-Management-System\node_modules\next\dist\server\next.js
- C:\Users\User\Desktop\Hospital-Management-System\node_modules\next\dist\server\lib\start-server.js
- C:\Users\User\Desktop\Hospital-Management-System\node_modules\next\dist\cli\next-start.js
    at Module.<anonymous> (node:internal/modules/cjs/loader:1419:15)
    at C:\Users\User\Desktop\Hospital-Management-System\node_modules\next\dist\server\require-hook.js:55:36
    at defaultResolveImpl (node:internal/modules/cjs/loader:1057:19)
    at resolveForCJSWithHooks (node:internal/modules/cjs/loader:1062:22)
    at Module._load (node:internal/modules/cjs/loader:1225:37)
    at TracingChannel.traceSync (node:diagnostics_channel:328:14)
    at wrapModuleLoad (node:internal/modules/cjs/loader:244:24)
    at Module.<anonymous> (node:internal/modules/cjs/loader:1502:12)
    at mod.require (C:\Users\User\Desktop\Hospital-Management-System\node_modules\next\dist\server\require-hook.js:65:28)
    at require (node:internal/modules/helpers:152:16) {
  code: 'MODULE_NOT_FOUND',
  requireStack: [
    'C:\\Users\\User\\Desktop\\Hospital-Management-System\\node_modules\\next\\dist\\server\\require.js',
    'C:\\Users\\User\\Desktop\\Hospital-Management-System\\node_modules\\next\\dist\\server\\next-server.js',
    'C:\\Users\\User\\Desktop\\Hospital-Management-System\\node_modules\\next\\dist\\server\\next.js',
    'C:\\Users\\User\\Desktop\\Hospital-Management-System\\node_modules\\next\\dist\\server\\lib\\start-server.js',
    'C:\\Users\\User\\Desktop\\Hospital-Management-System\\node_modules\\next\\dist\\cli\\next-start.js'
  ]
}
 ⨯ Error: Cannot find module 'C:\Users\User\Desktop\Hospital-Management-System\.next\server\pages\_error.js'
Require stack:
- C:\Users\User\Desktop\Hospital-Management-System\node_modules\next\dist\server\require.js
- C:\Users\User\Desktop\Hospital-Management-System\node_modules\next\dist\server\next-server.js
- C:\Users\User\Desktop\Hospital-Management-System\node_modules\next\dist\server\next.js
- C:\Users\User\Desktop\Hospital-Management-System\node_modules\next\dist\server\lib\start-server.js
- C:\Users\User\Desktop\Hospital-Management-System\node_modules\next\dist\cli\next-start.js
    at Module.<anonymous> (node:internal/modules/cjs/loader:1419:15)
    at C:\Users\User\Desktop\Hospital-Management-System\node_modules\next\dist\server\require-hook.js:55:36
    at defaultResolveImpl (node:internal/modules/cjs/loader:1057:19)
    at resolveForCJSWithHooks (node:internal/modules/cjs/loader:1062:22)
    at Module._load (node:internal/modules/cjs/loader:1225:37)
    at TracingChannel.traceSync (node:diagnostics_channel:328:14)
    at wrapModuleLoad (node:internal/modules/cjs/loader:244:24)
    at Module.<anonymous> (node:internal/modules/cjs/loader:1502:12)
    at mod.require (C:\Users\User\Desktop\Hospital-Management-System\node_modules\next\dist\server\require-hook.js:65:28)
    at require (node:internal/modules/helpers:152:16) {
  code: 'MODULE_NOT_FOUND',
  requireStack: [
    'C:\\Users\\User\\Desktop\\Hospital-Management-System\\node_modules\\next\\dist\\server\\require.js',
    'C:\\Users\\User\\Desktop\\Hospital-Management-System\\node_modules\\next\\dist\\server\\next-server.js',
    'C:\\Users\\User\\Desktop\\Hospital-Management-System\\node_modules\\next\\dist\\server\\next.js',
    'C:\\Users\\User\\Desktop\\Hospital-Management-System\\node_modules\\next\\dist\\server\\lib\\start-server.js',
    'C:\\Users\\User\\Desktop\\Hospital-Management-System\\node_modules\\next\\dist\\cli\\next-start.js'
  ]
}
 ⨯ Error: Cannot find module './chunks/vendor-chunks/next.js'
Require stack:
- C:\Users\User\Desktop\Hospital-Management-System\.next\server\webpack-runtime.js
- C:\Users\User\Desktop\Hospital-Management-System\.next\server\pages\_document.js
- C:\Users\User\Desktop\Hospital-Management-System\node_modules\next\dist\server\require.js
- C:\Users\User\Desktop\Hospital-Management-System\node_modules\next\dist\server\next-server.js
- C:\Users\User\Desktop\Hospital-Management-System\node_modules\next\dist\server\next.js
- C:\Users\User\Desktop\Hospital-Management-System\node_modules\next\dist\server\lib\start-server.js
- C:\Users\User\Desktop\Hospital-Management-System\node_modules\next\dist\cli\next-start.js
    at Module.<anonymous> (node:internal/modules/cjs/loader:1419:15)
    at C:\Users\User\Desktop\Hospital-Management-System\node_modules\next\dist\server\require-hook.js:55:36
    at defaultResolveImpl (node:internal/modules/cjs/loader:1057:19)
    at resolveForCJSWithHooks (node:internal/modules/cjs/loader:1062:22)
    at Module._load (node:internal/modules/cjs/loader:1225:37)
    at TracingChannel.traceSync (node:diagnostics_channel:328:14)
    at wrapModuleLoad (node:internal/modules/cjs/loader:244:24)
    at Module.<anonymous> (node:internal/modules/cjs/loader:1502:12)
    at mod.require (C:\Users\User\Desktop\Hospital-Management-System\node_modules\next\dist\server\require-hook.js:65:28)
    at require (node:internal/modules/helpers:152:16) {
  code: 'MODULE_NOT_FOUND',
  requireStack: [
    'C:\\Users\\User\\Desktop\\Hospital-Management-System\\.next\\server\\webpack-runtime.js',
    'C:\\Users\\User\\Desktop\\Hospital-Management-System\\.next\\server\\pages\\_document.js',
    'C:\\Users\\User\\Desktop\\Hospital-Management-System\\node_modules\\next\\dist\\server\\require.js',
    'C:\\Users\\User\\Desktop\\Hospital-Management-System\\node_modules\\next\\dist\\server\\next-server.js',
    'C:\\Users\\User\\Desktop\\Hospital-Management-System\\node_modules\\next\\dist\\server\\next.js',
    'C:\\Users\\User\\Desktop\\Hospital-Management-System\\node_modules\\next\\dist\\server\\lib\\start-server.js',
    'C:\\Users\\User\\Desktop\\Hospital-Management-System\\node_modules\\next\\dist\\cli\\next-start.js'
  ]
}
 ⨯ Error: Cannot find module 'C:\Users\User\Desktop\Hospital-Management-System\.next\server\pages\_error.js'
Require stack:
- C:\Users\User\Desktop\Hospital-Management-System\node_modules\next\dist\server\require.js
- C:\Users\User\Desktop\Hospital-Management-System\node_modules\next\dist\server\next-server.js
- C:\Users\User\Desktop\Hospital-Management-System\node_modules\next\dist\server\next.js
- C:\Users\User\Desktop\Hospital-Management-System\node_modules\next\dist\server\lib\start-server.js
- C:\Users\User\Desktop\Hospital-Management-System\node_modules\next\dist\cli\next-start.js
    at Module.<anonymous> (node:internal/modules/cjs/loader:1419:15)
    at C:\Users\User\Desktop\Hospital-Management-System\node_modules\next\dist\server\require-hook.js:55:36
    at defaultResolveImpl (node:internal/modules/cjs/loader:1057:19)
    at resolveForCJSWithHooks (node:internal/modules/cjs/loader:1062:22)
    at Module._load (node:internal/modules/cjs/loader:1225:37)
    at TracingChannel.traceSync (node:diagnostics_channel:328:14)
    at wrapModuleLoad (node:internal/modules/cjs/loader:244:24)
    at Module.<anonymous> (node:internal/modules/cjs/loader:1502:12)
    at mod.require (C:\Users\User\Desktop\Hospital-Management-System\node_modules\next\dist\server\require-hook.js:65:28)
    at require (node:internal/modules/helpers:152:16) {
  code: 'MODULE_NOT_FOUND',
  requireStack: [
    'C:\\Users\\User\\Desktop\\Hospital-Management-System\\node_modules\\next\\dist\\server\\require.js',
    'C:\\Users\\User\\Desktop\\Hospital-Management-System\\node_modules\\next\\dist\\server\\next-server.js',
    'C:\\Users\\User\\Desktop\\Hospital-Management-System\\node_modules\\next\\dist\\server\\next.js',
    'C:\\Users\\User\\Desktop\\Hospital-Management-System\\node_modules\\next\\dist\\server\\lib\\start-server.js',
    'C:\\Users\\User\\Desktop\\Hospital-Management-System\\node_modules\\next\\dist\\cli\\next-start.js'
  ]
}
 ⨯ Error: Cannot find module 'C:\Users\User\Desktop\Hospital-Management-System\.next\server\pages\_error.js'
Require stack:
- C:\Users\User\Desktop\Hospital-Management-System\node_modules\next\dist\server\require.js
- C:\Users\User\Desktop\Hospital-Management-System\node_modules\next\dist\server\next-server.js
- C:\Users\User\Desktop\Hospital-Management-System\node_modules\next\dist\server\next.js
- C:\Users\User\Desktop\Hospital-Management-System\node_modules\next\dist\server\lib\start-server.js
- C:\Users\User\Desktop\Hospital-Management-System\node_modules\next\dist\cli\next-start.js
    at Module.<anonymous> (node:internal/modules/cjs/loader:1419:15)
    at C:\Users\User\Desktop\Hospital-Management-System\node_modules\next\dist\server\require-hook.js:55:36
    at defaultResolveImpl (node:internal/modules/cjs/loader:1057:19)
    at resolveForCJSWithHooks (node:internal/modules/cjs/loader:1062:22)
    at Module._load (node:internal/modules/cjs/loader:1225:37)
    at TracingChannel.traceSync (node:diagnostics_channel:328:14)
    at wrapModuleLoad (node:internal/modules/cjs/loader:244:24)
    at Module.<anonymous> (node:internal/modules/cjs/loader:1502:12)
    at mod.require (C:\Users\User\Desktop\Hospital-Management-System\node_modules\next\dist\server\require-hook.js:65:28)
    at require (node:internal/modules/helpers:152:16) {
  code: 'MODULE_NOT_FOUND',
  requireStack: [
    'C:\\Users\\User\\Desktop\\Hospital-Management-System\\node_modules\\next\\dist\\server\\require.js',
    'C:\\Users\\User\\Desktop\\Hospital-Management-System\\node_modules\\next\\dist\\server\\next-server.js',
    'C:\\Users\\User\\Desktop\\Hospital-Management-System\\node_modules\\next\\dist\\server\\next.js',
    'C:\\Users\\User\\Desktop\\Hospital-Management-System\\node_modules\\next\\dist\\server\\lib\\start-server.js',
    'C:\\Users\\User\\Desktop\\Hospital-Management-System\\node_modules\\next\\dist\\cli\\next-start.js'
  ]
}
 ⨯ Error: Cannot find module 'C:\Users\User\Desktop\Hospital-Management-System\.next\server\pages\_error.js'
Require stack:
- C:\Users\User\Desktop\Hospital-Management-System\node_modules\next\dist\server\require.js
- C:\Users\User\Desktop\Hospital-Management-System\node_modules\next\dist\server\next-server.js
- C:\Users\User\Desktop\Hospital-Management-System\node_modules\next\dist\server\next.js
- C:\Users\User\Desktop\Hospital-Management-System\node_modules\next\dist\server\lib\start-server.js
- C:\Users\User\Desktop\Hospital-Management-System\node_modules\next\dist\cli\next-start.js
    at Module.<anonymous> (node:internal/modules/cjs/loader:1419:15)
    at C:\Users\User\Desktop\Hospital-Management-System\node_modules\next\dist\server\require-hook.js:55:36
    at defaultResolveImpl (node:internal/modules/cjs/loader:1057:19)
    at resolveForCJSWithHooks (node:internal/modules/cjs/loader:1062:22)
    at Module._load (node:internal/modules/cjs/loader:1225:37)
    at TracingChannel.traceSync (node:diagnostics_channel:328:14)
    at wrapModuleLoad (node:internal/modules/cjs/loader:244:24)
    at Module.<anonymous> (node:internal/modules/cjs/loader:1502:12)
    at mod.require (C:\Users\User\Desktop\Hospital-Management-System\node_modules\next\dist\server\require-hook.js:65:28)
    at require (node:internal/modules/helpers:152:16) {
  code: 'MODULE_NOT_FOUND',
  requireStack: [
    'C:\\Users\\User\\Desktop\\Hospital-Management-System\\node_modules\\next\\dist\\server\\require.js',
    'C:\\Users\\User\\Desktop\\Hospital-Management-System\\node_modules\\next\\dist\\server\\next-server.js',
    'C:\\Users\\User\\Desktop\\Hospital-Management-System\\node_modules\\next\\dist\\server\\next.js',
    'C:\\Users\\User\\Desktop\\Hospital-Management-System\\node_modules\\next\\dist\\server\\lib\\start-server.js',
    'C:\\Users\\User\\Desktop\\Hospital-Management-System\\node_modules\\next\\dist\\cli\\next-start.js'
  ]
}
 ⨯ Error: Cannot find module 'C:\Users\User\Desktop\Hospital-Management-System\.next\server\pages\_error.js'
Require stack:
- C:\Users\User\Desktop\Hospital-Management-System\node_modules\next\dist\server\require.js
- C:\Users\User\Desktop\Hospital-Management-System\node_modules\next\dist\server\next-server.js
- C:\Users\User\Desktop\Hospital-Management-System\node_modules\next\dist\server\next.js
- C:\Users\User\Desktop\Hospital-Management-System\node_modules\next\dist\server\lib\start-server.js
- C:\Users\User\Desktop\Hospital-Management-System\node_modules\next\dist\cli\next-start.js
    at Module.<anonymous> (node:internal/modules/cjs/loader:1419:15)
    at C:\Users\User\Desktop\Hospital-Management-System\node_modules\next\dist\server\require-hook.js:55:36
    at defaultResolveImpl (node:internal/modules/cjs/loader:1057:19)
    at resolveForCJSWithHooks (node:internal/modules/cjs/loader:1062:22)
    at Module._load (node:internal/modules/cjs/loader:1225:37)
    at TracingChannel.traceSync (node:diagnostics_channel:328:14)
    at wrapModuleLoad (node:internal/modules/cjs/loader:244:24)
    at Module.<anonymous> (node:internal/modules/cjs/loader:1502:12)
    at mod.require (C:\Users\User\Desktop\Hospital-Management-System\node_modules\next\dist\server\require-hook.js:65:28)
    at require (node:internal/modules/helpers:152:16) {
  code: 'MODULE_NOT_FOUND',
  requireStack: [
    'C:\\Users\\User\\Desktop\\Hospital-Management-System\\node_modules\\next\\dist\\server\\require.js',
    'C:\\Users\\User\\Desktop\\Hospital-Management-System\\node_modules\\next\\dist\\server\\next-server.js',
    'C:\\Users\\User\\Desktop\\Hospital-Management-System\\node_modules\\next\\dist\\server\\next.js',
    'C:\\Users\\User\\Desktop\\Hospital-Management-System\\node_modules\\next\\dist\\server\\lib\\start-server.js',
    'C:\\Users\\User\\Desktop\\Hospital-Management-System\\node_modules\\next\\dist\\cli\\next-start.js'
  ]
}
 ⨯ Error: Cannot find module 'C:\Users\User\Desktop\Hospital-Management-System\.next\server\pages\_error.js'
Require stack:
- C:\Users\User\Desktop\Hospital-Management-System\node_modules\next\dist\server\require.js
- C:\Users\User\Desktop\Hospital-Management-System\node_modules\next\dist\server\next-server.js
- C:\Users\User\Desktop\Hospital-Management-System\node_modules\next\dist\server\next.js
- C:\Users\User\Desktop\Hospital-Management-System\node_modules\next\dist\server\lib\start-server.js
- C:\Users\User\Desktop\Hospital-Management-System\node_modules\next\dist\cli\next-start.js
    at Module.<anonymous> (node:internal/modules/cjs/loader:1419:15)
    at C:\Users\User\Desktop\Hospital-Management-System\node_modules\next\dist\server\require-hook.js:55:36
    at defaultResolveImpl (node:internal/modules/cjs/loader:1057:19)
    at resolveForCJSWithHooks (node:internal/modules/cjs/loader:1062:22)
    at Module._load (node:internal/modules/cjs/loader:1225:37)
    at TracingChannel.traceSync (node:diagnostics_channel:328:14)
    at wrapModuleLoad (node:internal/modules/cjs/loader:244:24)
    at Module.<anonymous> (node:internal/modules/cjs/loader:1502:12)
    at mod.require (C:\Users\User\Desktop\Hospital-Management-System\node_modules\next\dist\server\require-hook.js:65:28)
    at require (node:internal/modules/helpers:152:16) {
  code: 'MODULE_NOT_FOUND',
  requireStack: [
    'C:\\Users\\User\\Desktop\\Hospital-Management-System\\node_modules\\next\\dist\\server\\require.js',
    'C:\\Users\\User\\Desktop\\Hospital-Management-System\\node_modules\\next\\dist\\server\\next-server.js',
    'C:\\Users\\User\\Desktop\\Hospital-Management-System\\node_modules\\next\\dist\\server\\next.js',
    'C:\\Users\\User\\Desktop\\Hospital-Management-System\\node_modules\\next\\dist\\server\\lib\\start-server.js',
    'C:\\Users\\User\\Desktop\\Hospital-Management-System\\node_modules\\next\\dist\\cli\\next-start.js'
  ]
}
 ⨯ Error: Cannot find module 'C:\Users\User\Desktop\Hospital-Management-System\.next\server\pages\_error.js'
Require stack:
- C:\Users\User\Desktop\Hospital-Management-System\node_modules\next\dist\server\require.js
- C:\Users\User\Desktop\Hospital-Management-System\node_modules\next\dist\server\next-server.js
- C:\Users\User\Desktop\Hospital-Management-System\node_modules\next\dist\server\next.js
- C:\Users\User\Desktop\Hospital-Management-System\node_modules\next\dist\server\lib\start-server.js
- C:\Users\User\Desktop\Hospital-Management-System\node_modules\next\dist\cli\next-start.js
    at Module.<anonymous> (node:internal/modules/cjs/loader:1419:15)
    at C:\Users\User\Desktop\Hospital-Management-System\node_modules\next\dist\server\require-hook.js:55:36
    at defaultResolveImpl (node:internal/modules/cjs/loader:1057:19)
    at resolveForCJSWithHooks (node:internal/modules/cjs/loader:1062:22)
    at Module._load (node:internal/modules/cjs/loader:1225:37)
    at TracingChannel.traceSync (node:diagnostics_channel:328:14)
    at wrapModuleLoad (node:internal/modules/cjs/loader:244:24)
    at Module.<anonymous> (node:internal/modules/cjs/loader:1502:12)
    at mod.require (C:\Users\User\Desktop\Hospital-Management-System\node_modules\next\dist\server\require-hook.js:65:28)
    at require (node:internal/modules/helpers:152:16) {
  code: 'MODULE_NOT_FOUND',
  requireStack: [
    'C:\\Users\\User\\Desktop\\Hospital-Management-System\\node_modules\\next\\dist\\server\\require.js',
    'C:\\Users\\User\\Desktop\\Hospital-Management-System\\node_modules\\next\\dist\\server\\next-server.js',
    'C:\\Users\\User\\Desktop\\Hospital-Management-System\\node_modules\\next\\dist\\server\\next.js',
    'C:\\Users\\User\\Desktop\\Hospital-Management-System\\node_modules\\next\\dist\\server\\lib\\start-server.js',
    'C:\\Users\\User\\Desktop\\Hospital-Management-System\\node_modules\\next\\dist\\cli\\next-start.js'
  ]
}
 ⨯ Error: Cannot find module 'C:\Users\User\Desktop\Hospital-Management-System\.next\server\pages\_error.js'
Require stack:
- C:\Users\User\Desktop\Hospital-Management-System\node_modules\next\dist\server\require.js
- C:\Users\User\Desktop\Hospital-Management-System\node_modules\next\dist\server\next-server.js
- C:\Users\User\Desktop\Hospital-Management-System\node_modules\next\dist\server\next.js
- C:\Users\User\Desktop\Hospital-Management-System\node_modules\next\dist\server\lib\start-server.js
- C:\Users\User\Desktop\Hospital-Management-System\node_modules\next\dist\cli\next-start.js
    at Module.<anonymous> (node:internal/modules/cjs/loader:1419:15)
    at C:\Users\User\Desktop\Hospital-Management-System\node_modules\next\dist\server\require-hook.js:55:36
    at defaultResolveImpl (node:internal/modules/cjs/loader:1057:19)
    at resolveForCJSWithHooks (node:internal/modules/cjs/loader:1062:22)
    at Module._load (node:internal/modules/cjs/loader:1225:37)
    at TracingChannel.traceSync (node:diagnostics_channel:328:14)
    at wrapModuleLoad (node:internal/modules/cjs/loader:244:24)
    at Module.<anonymous> (node:internal/modules/cjs/loader:1502:12)
    at mod.require (C:\Users\User\Desktop\Hospital-Management-System\node_modules\next\dist\server\require-hook.js:65:28)
    at require (node:internal/modules/helpers:152:16) {
  code: 'MODULE_NOT_FOUND',
  requireStack: [
    'C:\\Users\\User\\Desktop\\Hospital-Management-System\\node_modules\\next\\dist\\server\\require.js',
    'C:\\Users\\User\\Desktop\\Hospital-Management-System\\node_modules\\next\\dist\\server\\next-server.js',
    'C:\\Users\\User\\Desktop\\Hospital-Management-System\\node_modules\\next\\dist\\server\\next.js',
    'C:\\Users\\User\\Desktop\\Hospital-Management-System\\node_modules\\next\\dist\\server\\lib\\start-server.js',
    'C:\\Users\\User\\Desktop\\Hospital-Management-System\\node_modules\\next\\dist\\cli\\next-start.js'
  ]
}
 ⨯ Error: Cannot find module 'C:\Users\User\Desktop\Hospital-Management-System\.next\server\pages\_error.js'
Require stack:
- C:\Users\User\Desktop\Hospital-Management-System\node_modules\next\dist\server\require.js
- C:\Users\User\Desktop\Hospital-Management-System\node_modules\next\dist\server\next-server.js
- C:\Users\User\Desktop\Hospital-Management-System\node_modules\next\dist\server\next.js
- C:\Users\User\Desktop\Hospital-Management-System\node_modules\next\dist\server\lib\start-server.js
- C:\Users\User\Desktop\Hospital-Management-System\node_modules\next\dist\cli\next-start.js
    at Module.<anonymous> (node:internal/modules/cjs/loader:1419:15)
    at C:\Users\User\Desktop\Hospital-Management-System\node_modules\next\dist\server\require-hook.js:55:36
    at defaultResolveImpl (node:internal/modules/cjs/loader:1057:19)
    at resolveForCJSWithHooks (node:internal/modules/cjs/loader:1062:22)
    at Module._load (node:internal/modules/cjs/loader:1225:37)
    at TracingChannel.traceSync (node:diagnostics_channel:328:14)
    at wrapModuleLoad (node:internal/modules/cjs/loader:244:24)
    at Module.<anonymous> (node:internal/modules/cjs/loader:1502:12)
    at mod.require (C:\Users\User\Desktop\Hospital-Management-System\node_modules\next\dist\server\require-hook.js:65:28)
    at require (node:internal/modules/helpers:152:16) {
  code: 'MODULE_NOT_FOUND',
  requireStack: [
    'C:\\Users\\User\\Desktop\\Hospital-Management-System\\node_modules\\next\\dist\\server\\require.js',
    'C:\\Users\\User\\Desktop\\Hospital-Management-System\\node_modules\\next\\dist\\server\\next-server.js',
    'C:\\Users\\User\\Desktop\\Hospital-Management-System\\node_modules\\next\\dist\\server\\next.js',
    'C:\\Users\\User\\Desktop\\Hospital-Management-System\\node_modules\\next\\dist\\server\\lib\\start-server.js',
    'C:\\Users\\User\\Desktop\\Hospital-Management-System\\node_modules\\next\\dist\\cli\\next-start.js'
  ]
}
 ⨯ Error: Cannot find module 'C:\Users\User\Desktop\Hospital-Management-System\.next\server\pages\_error.js'
Require stack:
- C:\Users\User\Desktop\Hospital-Management-System\node_modules\next\dist\server\require.js
- C:\Users\User\Desktop\Hospital-Management-System\node_modules\next\dist\server\next-server.js
- C:\Users\User\Desktop\Hospital-Management-System\node_modules\next\dist\server\next.js
- C:\Users\User\Desktop\Hospital-Management-System\node_modules\next\dist\server\lib\start-server.js
- C:\Users\User\Desktop\Hospital-Management-System\node_modules\next\dist\cli\next-start.js
    at Module.<anonymous> (node:internal/modules/cjs/loader:1419:15)
    at C:\Users\User\Desktop\Hospital-Management-System\node_modules\next\dist\server\require-hook.js:55:36
    at defaultResolveImpl (node:internal/modules/cjs/loader:1057:19)
    at resolveForCJSWithHooks (node:internal/modules/cjs/loader:1062:22)
    at Module._load (node:internal/modules/cjs/loader:1225:37)
    at TracingChannel.traceSync (node:diagnostics_channel:328:14)
    at wrapModuleLoad (node:internal/modules/cjs/loader:244:24)
    at Module.<anonymous> (node:internal/modules/cjs/loader:1502:12)
    at mod.require (C:\Users\User\Desktop\Hospital-Management-System\node_modules\next\dist\server\require-hook.js:65:28)
    at require (node:internal/modules/helpers:152:16) {
  code: 'MODULE_NOT_FOUND',
  requireStack: [
    'C:\\Users\\User\\Desktop\\Hospital-Management-System\\node_modules\\next\\dist\\server\\require.js',
    'C:\\Users\\User\\Desktop\\Hospital-Management-System\\node_modules\\next\\dist\\server\\next-server.js',
    'C:\\Users\\User\\Desktop\\Hospital-Management-System\\node_modules\\next\\dist\\server\\next.js',
    'C:\\Users\\User\\Desktop\\Hospital-Management-System\\node_modules\\next\\dist\\server\\lib\\start-server.js',
    'C:\\Users\\User\\Desktop\\Hospital-Management-System\\node_modules\\next\\dist\\cli\\next-start.js'
  ]
}
 ⨯ Error: Cannot find module 'C:\Users\User\Desktop\Hospital-Management-System\.next\server\pages\_error.js'
Require stack:
- C:\Users\User\Desktop\Hospital-Management-System\node_modules\next\dist\server\require.js
- C:\Users\User\Desktop\Hospital-Management-System\node_modules\next\dist\server\next-server.js
- C:\Users\User\Desktop\Hospital-Management-System\node_modules\next\dist\server\next.js
- C:\Users\User\Desktop\Hospital-Management-System\node_modules\next\dist\server\lib\start-server.js
- C:\Users\User\Desktop\Hospital-Management-System\node_modules\next\dist\cli\next-start.js
    at Module.<anonymous> (node:internal/modules/cjs/loader:1419:15)
    at C:\Users\User\Desktop\Hospital-Management-System\node_modules\next\dist\server\require-hook.js:55:36
    at defaultResolveImpl (node:internal/modules/cjs/loader:1057:19)
    at resolveForCJSWithHooks (node:internal/modules/cjs/loader:1062:22)
    at Module._load (node:internal/modules/cjs/loader:1225:37)
    at TracingChannel.traceSync (node:diagnostics_channel:328:14)
    at wrapModuleLoad (node:internal/modules/cjs/loader:244:24)
    at Module.<anonymous> (node:internal/modules/cjs/loader:1502:12)
    at mod.require (C:\Users\User\Desktop\Hospital-Management-System\node_modules\next\dist\server\require-hook.js:65:28)
    at require (node:internal/modules/helpers:152:16) {
  code: 'MODULE_NOT_FOUND',
  requireStack: [
    'C:\\Users\\User\\Desktop\\Hospital-Management-System\\node_modules\\next\\dist\\server\\require.js',
    'C:\\Users\\User\\Desktop\\Hospital-Management-System\\node_modules\\next\\dist\\server\\next-server.js',
    'C:\\Users\\User\\Desktop\\Hospital-Management-System\\node_modules\\next\\dist\\server\\next.js',
    'C:\\Users\\User\\Desktop\\Hospital-Management-System\\node_modules\\next\\dist\\server\\lib\\start-server.js',
    'C:\\Users\\User\\Desktop\\Hospital-Management-System\\node_modules\\next\\dist\\cli\\next-start.js'
  ]
}
 ⨯ Error: Cannot find module 'C:\Users\User\Desktop\Hospital-Management-System\.next\server\pages\_error.js'
Require stack:
- C:\Users\User\Desktop\Hospital-Management-System\node_modules\next\dist\server\require.js
- C:\Users\User\Desktop\Hospital-Management-System\node_modules\next\dist\server\next-server.js
- C:\Users\User\Desktop\Hospital-Management-System\node_modules\next\dist\server\next.js
- C:\Users\User\Desktop\Hospital-Management-System\node_modules\next\dist\server\lib\start-server.js
- C:\Users\User\Desktop\Hospital-Management-System\node_modules\next\dist\cli\next-start.js
    at Module.<anonymous> (node:internal/modules/cjs/loader:1419:15)
    at C:\Users\User\Desktop\Hospital-Management-System\node_modules\next\dist\server\require-hook.js:55:36
    at defaultResolveImpl (node:internal/modules/cjs/loader:1057:19)
    at resolveForCJSWithHooks (node:internal/modules/cjs/loader:1062:22)
    at Module._load (node:internal/modules/cjs/loader:1225:37)
    at TracingChannel.traceSync (node:diagnostics_channel:328:14)
    at wrapModuleLoad (node:internal/modules/cjs/loader:244:24)
    at Module.<anonymous> (node:internal/modules/cjs/loader:1502:12)
    at mod.require (C:\Users\User\Desktop\Hospital-Management-System\node_modules\next\dist\server\require-hook.js:65:28)
    at require (node:internal/modules/helpers:152:16) {
  code: 'MODULE_NOT_FOUND',
  requireStack: [
    'C:\\Users\\User\\Desktop\\Hospital-Management-System\\node_modules\\next\\dist\\server\\require.js',
    'C:\\Users\\User\\Desktop\\Hospital-Management-System\\node_modules\\next\\dist\\server\\next-server.js',
    'C:\\Users\\User\\Desktop\\Hospital-Management-System\\node_modules\\next\\dist\\server\\next.js',
    'C:\\Users\\User\\Desktop\\Hospital-Management-System\\node_modules\\next\\dist\\server\\lib\\start-server.js',
    'C:\\Users\\User\\Desktop\\Hospital-Management-System\\node_modules\\next\\dist\\cli\\next-start.js'
  ]
}
 ⨯ Error: Cannot find module 'C:\Users\User\Desktop\Hospital-Management-System\.next\server\pages\_error.js'
Require stack:
- C:\Users\User\Desktop\Hospital-Management-System\node_modules\next\dist\server\require.js
- C:\Users\User\Desktop\Hospital-Management-System\node_modules\next\dist\server\next-server.js
- C:\Users\User\Desktop\Hospital-Management-System\node_modules\next\dist\server\next.js
- C:\Users\User\Desktop\Hospital-Management-System\node_modules\next\dist\server\lib\start-server.js
- C:\Users\User\Desktop\Hospital-Management-System\node_modules\next\dist\cli\next-start.js
    at Module.<anonymous> (node:internal/modules/cjs/loader:1419:15)
    at C:\Users\User\Desktop\Hospital-Management-System\node_modules\next\dist\server\require-hook.js:55:36
    at defaultResolveImpl (node:internal/modules/cjs/loader:1057:19)
    at resolveForCJSWithHooks (node:internal/modules/cjs/loader:1062:22)
    at Module._load (node:internal/modules/cjs/loader:1225:37)
    at TracingChannel.traceSync (node:diagnostics_channel:328:14)
    at wrapModuleLoad (node:internal/modules/cjs/loader:244:24)
    at Module.<anonymous> (node:internal/modules/cjs/loader:1502:12)
    at mod.require (C:\Users\User\Desktop\Hospital-Management-System\node_modules\next\dist\server\require-hook.js:65:28)
    at require (node:internal/modules/helpers:152:16) {
  code: 'MODULE_NOT_FOUND',
  requireStack: [
    'C:\\Users\\User\\Desktop\\Hospital-Management-System\\node_modules\\next\\dist\\server\\require.js',
    'C:\\Users\\User\\Desktop\\Hospital-Management-System\\node_modules\\next\\dist\\server\\next-server.js',
    'C:\\Users\\User\\Desktop\\Hospital-Management-System\\node_modules\\next\\dist\\server\\next.js',
    'C:\\Users\\User\\Desktop\\Hospital-Management-System\\node_modules\\next\\dist\\server\\lib\\start-server.js',
    'C:\\Users\\User\\Desktop\\Hospital-Management-System\\node_modules\\next\\dist\\cli\\next-start.js'
  ]
}
 ⨯ Error: Cannot find module './chunks/vendor-chunks/next.js'
Require stack:
- C:\Users\User\Desktop\Hospital-Management-System\.next\server\webpack-runtime.js
- C:\Users\User\Desktop\Hospital-Management-System\.next\server\pages\_document.js
- C:\Users\User\Desktop\Hospital-Management-System\node_modules\next\dist\server\require.js
- C:\Users\User\Desktop\Hospital-Management-System\node_modules\next\dist\server\next-server.js
- C:\Users\User\Desktop\Hospital-Management-System\node_modules\next\dist\server\next.js
- C:\Users\User\Desktop\Hospital-Management-System\node_modules\next\dist\server\lib\start-server.js
- C:\Users\User\Desktop\Hospital-Management-System\node_modules\next\dist\cli\next-start.js
    at Module.<anonymous> (node:internal/modules/cjs/loader:1419:15)
    at C:\Users\User\Desktop\Hospital-Management-System\node_modules\next\dist\server\require-hook.js:55:36
    at defaultResolveImpl (node:internal/modules/cjs/loader:1057:19)
    at resolveForCJSWithHooks (node:internal/modules/cjs/loader:1062:22)
    at Module._load (node:internal/modules/cjs/loader:1225:37)
    at TracingChannel.traceSync (node:diagnostics_channel:328:14)
    at wrapModuleLoad (node:internal/modules/cjs/loader:244:24)
    at Module.<anonymous> (node:internal/modules/cjs/loader:1502:12)
    at mod.require (C:\Users\User\Desktop\Hospital-Management-System\node_modules\next\dist\server\require-hook.js:65:28)
    at require (node:internal/modules/helpers:152:16) {
  code: 'MODULE_NOT_FOUND',
  requireStack: [
    'C:\\Users\\User\\Desktop\\Hospital-Management-System\\.next\\server\\webpack-runtime.js',
    'C:\\Users\\User\\Desktop\\Hospital-Management-System\\.next\\server\\pages\\_document.js',
    'C:\\Users\\User\\Desktop\\Hospital-Management-System\\node_modules\\next\\dist\\server\\require.js',
    'C:\\Users\\User\\Desktop\\Hospital-Management-System\\node_modules\\next\\dist\\server\\next-server.js',
    'C:\\Users\\User\\Desktop\\Hospital-Management-System\\node_modules\\next\\dist\\server\\next.js',
    'C:\\Users\\User\\Desktop\\Hospital-Management-System\\node_modules\\next\\dist\\server\\lib\\start-server.js',
    'C:\\Users\\User\\Desktop\\Hospital-Management-System\\node_modules\\next\\dist\\cli\\next-start.js'
  ]
}
 ⨯ Error: Cannot find module 'C:\Users\User\Desktop\Hospital-Management-System\.next\server\pages\_error.js'
Require stack:
- C:\Users\User\Desktop\Hospital-Management-System\node_modules\next\dist\server\require.js
- C:\Users\User\Desktop\Hospital-Management-System\node_modules\next\dist\server\next-server.js
- C:\Users\User\Desktop\Hospital-Management-System\node_modules\next\dist\server\next.js
- C:\Users\User\Desktop\Hospital-Management-System\node_modules\next\dist\server\lib\start-server.js
- C:\Users\User\Desktop\Hospital-Management-System\node_modules\next\dist\cli\next-start.js
    at Module.<anonymous> (node:internal/modules/cjs/loader:1419:15)
    at C:\Users\User\Desktop\Hospital-Management-System\node_modules\next\dist\server\require-hook.js:55:36
    at defaultResolveImpl (node:internal/modules/cjs/loader:1057:19)
    at resolveForCJSWithHooks (node:internal/modules/cjs/loader:1062:22)
    at Module._load (node:internal/modules/cjs/loader:1225:37)
    at TracingChannel.traceSync (node:diagnostics_channel:328:14)
    at wrapModuleLoad (node:internal/modules/cjs/loader:244:24)
    at Module.<anonymous> (node:internal/modules/cjs/loader:1502:12)
    at mod.require (C:\Users\User\Desktop\Hospital-Management-System\node_modules\next\dist\server\require-hook.js:65:28)
    at require (node:internal/modules/helpers:152:16) {
  code: 'MODULE_NOT_FOUND',
  requireStack: [
    'C:\\Users\\User\\Desktop\\Hospital-Management-System\\node_modules\\next\\dist\\server\\require.js',
    'C:\\Users\\User\\Desktop\\Hospital-Management-System\\node_modules\\next\\dist\\server\\next-server.js',
    'C:\\Users\\User\\Desktop\\Hospital-Management-System\\node_modules\\next\\dist\\server\\next.js',
    'C:\\Users\\User\\Desktop\\Hospital-Management-System\\node_modules\\next\\dist\\server\\lib\\start-server.js',
    'C:\\Users\\User\\Desktop\\Hospital-Management-System\\node_modules\\next\\dist\\cli\\next-start.js'
  ]
}
 ⨯ Error: Cannot find module 'C:\Users\User\Desktop\Hospital-Management-System\.next\server\app\admin\doctors\page.js'
Require stack:
- C:\Users\User\Desktop\Hospital-Management-System\node_modules\next\dist\server\require.js
- C:\Users\User\Desktop\Hospital-Management-System\node_modules\next\dist\server\next-server.js
- C:\Users\User\Desktop\Hospital-Management-System\node_modules\next\dist\server\next.js
- C:\Users\User\Desktop\Hospital-Management-System\node_modules\next\dist\server\lib\start-server.js
- C:\Users\User\Desktop\Hospital-Management-System\node_modules\next\dist\cli\next-start.js
    at Module.<anonymous> (node:internal/modules/cjs/loader:1419:15)
    at C:\Users\User\Desktop\Hospital-Management-System\node_modules\next\dist\server\require-hook.js:55:36
    at defaultResolveImpl (node:internal/modules/cjs/loader:1057:19)
    at resolveForCJSWithHooks (node:internal/modules/cjs/loader:1062:22)
    at Module._load (node:internal/modules/cjs/loader:1225:37)
    at TracingChannel.traceSync (node:diagnostics_channel:328:14)
    at wrapModuleLoad (node:internal/modules/cjs/loader:244:24)
    at Module.<anonymous> (node:internal/modules/cjs/loader:1502:12)
    at mod.require (C:\Users\User\Desktop\Hospital-Management-System\node_modules\next\dist\server\require-hook.js:65:28)
    at require (node:internal/modules/helpers:152:16) {
  code: 'MODULE_NOT_FOUND',
  requireStack: [
    'C:\\Users\\User\\Desktop\\Hospital-Management-System\\node_modules\\next\\dist\\server\\require.js',
    'C:\\Users\\User\\Desktop\\Hospital-Management-System\\node_modules\\next\\dist\\server\\next-server.js',
    'C:\\Users\\User\\Desktop\\Hospital-Management-System\\node_modules\\next\\dist\\server\\next.js',
    'C:\\Users\\User\\Desktop\\Hospital-Management-System\\node_modules\\next\\dist\\server\\lib\\start-server.js',
    'C:\\Users\\User\\Desktop\\Hospital-Management-System\\node_modules\\next\\dist\\cli\\next-start.js'
  ]
}
 ⨯ Error: Cannot find module 'C:\Users\User\Desktop\Hospital-Management-System\.next\server\pages\_error.js'
Require stack:
- C:\Users\User\Desktop\Hospital-Management-System\node_modules\next\dist\server\require.js
- C:\Users\User\Desktop\Hospital-Management-System\node_modules\next\dist\server\next-server.js
- C:\Users\User\Desktop\Hospital-Management-System\node_modules\next\dist\server\next.js
- C:\Users\User\Desktop\Hospital-Management-System\node_modules\next\dist\server\lib\start-server.js
- C:\Users\User\Desktop\Hospital-Management-System\node_modules\next\dist\cli\next-start.js
    at Module.<anonymous> (node:internal/modules/cjs/loader:1419:15)
    at C:\Users\User\Desktop\Hospital-Management-System\node_modules\next\dist\server\require-hook.js:55:36
    at defaultResolveImpl (node:internal/modules/cjs/loader:1057:19)
    at resolveForCJSWithHooks (node:internal/modules/cjs/loader:1062:22)
    at Module._load (node:internal/modules/cjs/loader:1225:37)
    at TracingChannel.traceSync (node:diagnostics_channel:328:14)
    at wrapModuleLoad (node:internal/modules/cjs/loader:244:24)
    at Module.<anonymous> (node:internal/modules/cjs/loader:1502:12)
    at mod.require (C:\Users\User\Desktop\Hospital-Management-System\node_modules\next\dist\server\require-hook.js:65:28)
    at require (node:internal/modules/helpers:152:16) {
  code: 'MODULE_NOT_FOUND',
  requireStack: [
    'C:\\Users\\User\\Desktop\\Hospital-Management-System\\node_modules\\next\\dist\\server\\require.js',
    'C:\\Users\\User\\Desktop\\Hospital-Management-System\\node_modules\\next\\dist\\server\\next-server.js',
    'C:\\Users\\User\\Desktop\\Hospital-Management-System\\node_modules\\next\\dist\\server\\next.js',
    'C:\\Users\\User\\Desktop\\Hospital-Management-System\\node_modules\\next\\dist\\server\\lib\\start-server.js',
    'C:\\Users\\User\\Desktop\\Hospital-Management-System\\node_modules\\next\\dist\\cli\\next-start.js'
  ]
}
 ⨯ Error: Cannot find module 'C:\Users\User\Desktop\Hospital-Management-System\.next\server\app\admin\departments\page.js'
Require stack:
- C:\Users\User\Desktop\Hospital-Management-System\node_modules\next\dist\server\require.js
- C:\Users\User\Desktop\Hospital-Management-System\node_modules\next\dist\server\next-server.js
- C:\Users\User\Desktop\Hospital-Management-System\node_modules\next\dist\server\next.js
- C:\Users\User\Desktop\Hospital-Management-System\node_modules\next\dist\server\lib\start-server.js
- C:\Users\User\Desktop\Hospital-Management-System\node_modules\next\dist\cli\next-start.js
    at Module.<anonymous> (node:internal/modules/cjs/loader:1419:15)
    at C:\Users\User\Desktop\Hospital-Management-System\node_modules\next\dist\server\require-hook.js:55:36
    at defaultResolveImpl (node:internal/modules/cjs/loader:1057:19)
    at resolveForCJSWithHooks (node:internal/modules/cjs/loader:1062:22)
    at Module._load (node:internal/modules/cjs/loader:1225:37)
    at TracingChannel.traceSync (node:diagnostics_channel:328:14)
    at wrapModuleLoad (node:internal/modules/cjs/loader:244:24)
    at Module.<anonymous> (node:internal/modules/cjs/loader:1502:12)
    at mod.require (C:\Users\User\Desktop\Hospital-Management-System\node_modules\next\dist\server\require-hook.js:65:28)
    at require (node:internal/modules/helpers:152:16) {
  code: 'MODULE_NOT_FOUND',
  requireStack: [
    'C:\\Users\\User\\Desktop\\Hospital-Management-System\\node_modules\\next\\dist\\server\\require.js',
    'C:\\Users\\User\\Desktop\\Hospital-Management-System\\node_modules\\next\\dist\\server\\next-server.js',
    'C:\\Users\\User\\Desktop\\Hospital-Management-System\\node_modules\\next\\dist\\server\\next.js',
    'C:\\Users\\User\\Desktop\\Hospital-Management-System\\node_modules\\next\\dist\\server\\lib\\start-server.js',
    'C:\\Users\\User\\Desktop\\Hospital-Management-System\\node_modules\\next\\dist\\cli\\next-start.js'
  ]
}
 ⨯ Error: Cannot find module 'C:\Users\User\Desktop\Hospital-Management-System\.next\server\pages\_error.js'
Require stack:
- C:\Users\User\Desktop\Hospital-Management-System\node_modules\next\dist\server\require.js
- C:\Users\User\Desktop\Hospital-Management-System\node_modules\next\dist\server\next-server.js
- C:\Users\User\Desktop\Hospital-Management-System\node_modules\next\dist\server\next.js
- C:\Users\User\Desktop\Hospital-Management-System\node_modules\next\dist\server\lib\start-server.js
- C:\Users\User\Desktop\Hospital-Management-System\node_modules\next\dist\cli\next-start.js
    at Module.<anonymous> (node:internal/modules/cjs/loader:1419:15)
    at C:\Users\User\Desktop\Hospital-Management-System\node_modules\next\dist\server\require-hook.js:55:36
    at defaultResolveImpl (node:internal/modules/cjs/loader:1057:19)
    at resolveForCJSWithHooks (node:internal/modules/cjs/loader:1062:22)
    at Module._load (node:internal/modules/cjs/loader:1225:37)
    at TracingChannel.traceSync (node:diagnostics_channel:328:14)
    at wrapModuleLoad (node:internal/modules/cjs/loader:244:24)
    at Module.<anonymous> (node:internal/modules/cjs/loader:1502:12)
    at mod.require (C:\Users\User\Desktop\Hospital-Management-System\node_modules\next\dist\server\require-hook.js:65:28)
    at require (node:internal/modules/helpers:152:16) {
  code: 'MODULE_NOT_FOUND',
  requireStack: [
    'C:\\Users\\User\\Desktop\\Hospital-Management-System\\node_modules\\next\\dist\\server\\require.js',
    'C:\\Users\\User\\Desktop\\Hospital-Management-System\\node_modules\\next\\dist\\server\\next-server.js',
    'C:\\Users\\User\\Desktop\\Hospital-Management-System\\node_modules\\next\\dist\\server\\next.js',
    'C:\\Users\\User\\Desktop\\Hospital-Management-System\\node_modules\\next\\dist\\server\\lib\\start-server.js',
    'C:\\Users\\User\\Desktop\\Hospital-Management-System\\node_modules\\next\\dist\\cli\\next-start.js'
  ]
}
 ⨯ Error: Cannot find module 'C:\Users\User\Desktop\Hospital-Management-System\.next\server\app\admin\beds\page.js'
Require stack:
- C:\Users\User\Desktop\Hospital-Management-System\node_modules\next\dist\server\require.js
- C:\Users\User\Desktop\Hospital-Management-System\node_modules\next\dist\server\next-server.js
- C:\Users\User\Desktop\Hospital-Management-System\node_modules\next\dist\server\next.js
- C:\Users\User\Desktop\Hospital-Management-System\node_modules\next\dist\server\lib\start-server.js
- C:\Users\User\Desktop\Hospital-Management-System\node_modules\next\dist\cli\next-start.js
    at Module.<anonymous> (node:internal/modules/cjs/loader:1419:15)
    at C:\Users\User\Desktop\Hospital-Management-System\node_modules\next\dist\server\require-hook.js:55:36
    at defaultResolveImpl (node:internal/modules/cjs/loader:1057:19)
    at resolveForCJSWithHooks (node:internal/modules/cjs/loader:1062:22)
    at Module._load (node:internal/modules/cjs/loader:1225:37)
    at TracingChannel.traceSync (node:diagnostics_channel:328:14)
    at wrapModuleLoad (node:internal/modules/cjs/loader:244:24)
    at Module.<anonymous> (node:internal/modules/cjs/loader:1502:12)
    at mod.require (C:\Users\User\Desktop\Hospital-Management-System\node_modules\next\dist\server\require-hook.js:65:28)
    at require (node:internal/modules/helpers:152:16) {
  code: 'MODULE_NOT_FOUND',
  requireStack: [
    'C:\\Users\\User\\Desktop\\Hospital-Management-System\\node_modules\\next\\dist\\server\\require.js',
    'C:\\Users\\User\\Desktop\\Hospital-Management-System\\node_modules\\next\\dist\\server\\next-server.js',
    'C:\\Users\\User\\Desktop\\Hospital-Management-System\\node_modules\\next\\dist\\server\\next.js',
    'C:\\Users\\User\\Desktop\\Hospital-Management-System\\node_modules\\next\\dist\\server\\lib\\start-server.js',
    'C:\\Users\\User\\Desktop\\Hospital-Management-System\\node_modules\\next\\dist\\cli\\next-start.js'
  ]
}
 ⨯ Error: Cannot find module 'C:\Users\User\Desktop\Hospital-Management-System\.next\server\pages\_error.js'
Require stack:
- C:\Users\User\Desktop\Hospital-Management-System\node_modules\next\dist\server\require.js
- C:\Users\User\Desktop\Hospital-Management-System\node_modules\next\dist\server\next-server.js
- C:\Users\User\Desktop\Hospital-Management-System\node_modules\next\dist\server\next.js
- C:\Users\User\Desktop\Hospital-Management-System\node_modules\next\dist\server\lib\start-server.js
- C:\Users\User\Desktop\Hospital-Management-System\node_modules\next\dist\cli\next-start.js
    at Module.<anonymous> (node:internal/modules/cjs/loader:1419:15)
    at C:\Users\User\Desktop\Hospital-Management-System\node_modules\next\dist\server\require-hook.js:55:36
    at defaultResolveImpl (node:internal/modules/cjs/loader:1057:19)
    at resolveForCJSWithHooks (node:internal/modules/cjs/loader:1062:22)
    at Module._load (node:internal/modules/cjs/loader:1225:37)
    at TracingChannel.traceSync (node:diagnostics_channel:328:14)
    at wrapModuleLoad (node:internal/modules/cjs/loader:244:24)
    at Module.<anonymous> (node:internal/modules/cjs/loader:1502:12)
    at mod.require (C:\Users\User\Desktop\Hospital-Management-System\node_modules\next\dist\server\require-hook.js:65:28)
    at require (node:internal/modules/helpers:152:16) {
  code: 'MODULE_NOT_FOUND',
  requireStack: [
    'C:\\Users\\User\\Desktop\\Hospital-Management-System\\node_modules\\next\\dist\\server\\require.js',
    'C:\\Users\\User\\Desktop\\Hospital-Management-System\\node_modules\\next\\dist\\server\\next-server.js',
    'C:\\Users\\User\\Desktop\\Hospital-Management-System\\node_modules\\next\\dist\\server\\next.js',
    'C:\\Users\\User\\Desktop\\Hospital-Management-System\\node_modules\\next\\dist\\server\\lib\\start-server.js',
    'C:\\Users\\User\\Desktop\\Hospital-Management-System\\node_modules\\next\\dist\\cli\\next-start.js'
  ]
}
 ⨯ Error: Cannot find module './chunks/vendor-chunks/next.js'
Require stack:
- C:\Users\User\Desktop\Hospital-Management-System\.next\server\webpack-runtime.js
- C:\Users\User\Desktop\Hospital-Management-System\.next\server\pages\_document.js
- C:\Users\User\Desktop\Hospital-Management-System\node_modules\next\dist\server\require.js
- C:\Users\User\Desktop\Hospital-Management-System\node_modules\next\dist\server\next-server.js
- C:\Users\User\Desktop\Hospital-Management-System\node_modules\next\dist\server\next.js
- C:\Users\User\Desktop\Hospital-Management-System\node_modules\next\dist\server\lib\start-server.js
- C:\Users\User\Desktop\Hospital-Management-System\node_modules\next\dist\cli\next-start.js
    at Module.<anonymous> (node:internal/modules/cjs/loader:1419:15)
    at C:\Users\User\Desktop\Hospital-Management-System\node_modules\next\dist\server\require-hook.js:55:36
    at defaultResolveImpl (node:internal/modules/cjs/loader:1057:19)
    at resolveForCJSWithHooks (node:internal/modules/cjs/loader:1062:22)
    at Module._load (node:internal/modules/cjs/loader:1225:37)
    at TracingChannel.traceSync (node:diagnostics_channel:328:14)
    at wrapModuleLoad (node:internal/modules/cjs/loader:244:24)
    at Module.<anonymous> (node:internal/modules/cjs/loader:1502:12)
    at mod.require (C:\Users\User\Desktop\Hospital-Management-System\node_modules\next\dist\server\require-hook.js:65:28)
    at require (node:internal/modules/helpers:152:16) {
  code: 'MODULE_NOT_FOUND',
  requireStack: [
    'C:\\Users\\User\\Desktop\\Hospital-Management-System\\.next\\server\\webpack-runtime.js',
    'C:\\Users\\User\\Desktop\\Hospital-Management-System\\.next\\server\\pages\\_document.js',
    'C:\\Users\\User\\Desktop\\Hospital-Management-System\\node_modules\\next\\dist\\server\\require.js',
    'C:\\Users\\User\\Desktop\\Hospital-Management-System\\node_modules\\next\\dist\\server\\next-server.js',
    'C:\\Users\\User\\Desktop\\Hospital-Management-System\\node_modules\\next\\dist\\server\\next.js',
    'C:\\Users\\User\\Desktop\\Hospital-Management-System\\node_modules\\next\\dist\\server\\lib\\start-server.js',
    'C:\\Users\\User\\Desktop\\Hospital-Management-System\\node_modules\\next\\dist\\cli\\next-start.js'
  ]
}
 ⨯ Error: Cannot find module 'C:\Users\User\Desktop\Hospital-Management-System\.next\server\pages\_error.js'
Require stack:
- C:\Users\User\Desktop\Hospital-Management-System\node_modules\next\dist\server\require.js
- C:\Users\User\Desktop\Hospital-Management-System\node_modules\next\dist\server\next-server.js
- C:\Users\User\Desktop\Hospital-Management-System\node_modules\next\dist\server\next.js
- C:\Users\User\Desktop\Hospital-Management-System\node_modules\next\dist\server\lib\start-server.js
- C:\Users\User\Desktop\Hospital-Management-System\node_modules\next\dist\cli\next-start.js
    at Module.<anonymous> (node:internal/modules/cjs/loader:1419:15)
    at C:\Users\User\Desktop\Hospital-Management-System\node_modules\next\dist\server\require-hook.js:55:36
    at defaultResolveImpl (node:internal/modules/cjs/loader:1057:19)
    at resolveForCJSWithHooks (node:internal/modules/cjs/loader:1062:22)
    at Module._load (node:internal/modules/cjs/loader:1225:37)
    at TracingChannel.traceSync (node:diagnostics_channel:328:14)
    at wrapModuleLoad (node:internal/modules/cjs/loader:244:24)
    at Module.<anonymous> (node:internal/modules/cjs/loader:1502:12)
    at mod.require (C:\Users\User\Desktop\Hospital-Management-System\node_modules\next\dist\server\require-hook.js:65:28)
    at require (node:internal/modules/helpers:152:16) {
  code: 'MODULE_NOT_FOUND',
  requireStack: [
    'C:\\Users\\User\\Desktop\\Hospital-Management-System\\node_modules\\next\\dist\\server\\require.js',
    'C:\\Users\\User\\Desktop\\Hospital-Management-System\\node_modules\\next\\dist\\server\\next-server.js',
    'C:\\Users\\User\\Desktop\\Hospital-Management-System\\node_modules\\next\\dist\\server\\next.js',
    'C:\\Users\\User\\Desktop\\Hospital-Management-System\\node_modules\\next\\dist\\server\\lib\\start-server.js',
    'C:\\Users\\User\\Desktop\\Hospital-Management-System\\node_modules\\next\\dist\\cli\\next-start.js'
  ]
}
 ⨯ Error: Cannot find module './chunks/vendor-chunks/next.js'
Require stack:
- C:\Users\User\Desktop\Hospital-Management-System\.next\server\webpack-runtime.js
- C:\Users\User\Desktop\Hospital-Management-System\.next\server\pages\_document.js
- C:\Users\User\Desktop\Hospital-Management-System\node_modules\next\dist\server\require.js
- C:\Users\User\Desktop\Hospital-Management-System\node_modules\next\dist\server\next-server.js
- C:\Users\User\Desktop\Hospital-Management-System\node_modules\next\dist\server\next.js
- C:\Users\User\Desktop\Hospital-Management-System\node_modules\next\dist\server\lib\start-server.js
- C:\Users\User\Desktop\Hospital-Management-System\node_modules\next\dist\cli\next-start.js
    at Module.<anonymous> (node:internal/modules/cjs/loader:1419:15)
    at C:\Users\User\Desktop\Hospital-Management-System\node_modules\next\dist\server\require-hook.js:55:36
    at defaultResolveImpl (node:internal/modules/cjs/loader:1057:19)
    at resolveForCJSWithHooks (node:internal/modules/cjs/loader:1062:22)
    at Module._load (node:internal/modules/cjs/loader:1225:37)
    at TracingChannel.traceSync (node:diagnostics_channel:328:14)
    at wrapModuleLoad (node:internal/modules/cjs/loader:244:24)
    at Module.<anonymous> (node:internal/modules/cjs/loader:1502:12)
    at mod.require (C:\Users\User\Desktop\Hospital-Management-System\node_modules\next\dist\server\require-hook.js:65:28)
    at require (node:internal/modules/helpers:152:16) {
  code: 'MODULE_NOT_FOUND',
  requireStack: [
    'C:\\Users\\User\\Desktop\\Hospital-Management-System\\.next\\server\\webpack-runtime.js',
    'C:\\Users\\User\\Desktop\\Hospital-Management-System\\.next\\server\\pages\\_document.js',
    'C:\\Users\\User\\Desktop\\Hospital-Management-System\\node_modules\\next\\dist\\server\\require.js',
    'C:\\Users\\User\\Desktop\\Hospital-Management-System\\node_modules\\next\\dist\\server\\next-server.js',
    'C:\\Users\\User\\Desktop\\Hospital-Management-System\\node_modules\\next\\dist\\server\\next.js',
    'C:\\Users\\User\\Desktop\\Hospital-Management-System\\node_modules\\next\\dist\\server\\lib\\start-server.js',
    'C:\\Users\\User\\Desktop\\Hospital-Management-System\\node_modules\\next\\dist\\cli\\next-start.js'
  ]
}
 ⨯ Error: Cannot find module 'C:\Users\User\Desktop\Hospital-Management-System\.next\server\pages\_error.js'
Require stack:
- C:\Users\User\Desktop\Hospital-Management-System\node_modules\next\dist\server\require.js
- C:\Users\User\Desktop\Hospital-Management-System\node_modules\next\dist\server\next-server.js
- C:\Users\User\Desktop\Hospital-Management-System\node_modules\next\dist\server\next.js
- C:\Users\User\Desktop\Hospital-Management-System\node_modules\next\dist\server\lib\start-server.js
- C:\Users\User\Desktop\Hospital-Management-System\node_modules\next\dist\cli\next-start.js
    at Module.<anonymous> (node:internal/modules/cjs/loader:1419:15)
    at C:\Users\User\Desktop\Hospital-Management-System\node_modules\next\dist\server\require-hook.js:55:36
    at defaultResolveImpl (node:internal/modules/cjs/loader:1057:19)
    at resolveForCJSWithHooks (node:internal/modules/cjs/loader:1062:22)
    at Module._load (node:internal/modules/cjs/loader:1225:37)
    at TracingChannel.traceSync (node:diagnostics_channel:328:14)
    at wrapModuleLoad (node:internal/modules/cjs/loader:244:24)
    at Module.<anonymous> (node:internal/modules/cjs/loader:1502:12)
    at mod.require (C:\Users\User\Desktop\Hospital-Management-System\node_modules\next\dist\server\require-hook.js:65:28)
    at require (node:internal/modules/helpers:152:16) {
  code: 'MODULE_NOT_FOUND',
  requireStack: [
    'C:\\Users\\User\\Desktop\\Hospital-Management-System\\node_modules\\next\\dist\\server\\require.js',
    'C:\\Users\\User\\Desktop\\Hospital-Management-System\\node_modules\\next\\dist\\server\\next-server.js',
    'C:\\Users\\User\\Desktop\\Hospital-Management-System\\node_modules\\next\\dist\\server\\next.js',
    'C:\\Users\\User\\Desktop\\Hospital-Management-System\\node_modules\\next\\dist\\server\\lib\\start-server.js',
    'C:\\Users\\User\\Desktop\\Hospital-Management-System\\node_modules\\next\\dist\\cli\\next-start.js'
  ]
}
 ⨯ Error: Cannot find module './chunks/vendor-chunks/next.js'
Require stack:
- C:\Users\User\Desktop\Hospital-Management-System\.next\server\webpack-runtime.js
- C:\Users\User\Desktop\Hospital-Management-System\.next\server\pages\_document.js
- C:\Users\User\Desktop\Hospital-Management-System\node_modules\next\dist\server\require.js
- C:\Users\User\Desktop\Hospital-Management-System\node_modules\next\dist\server\next-server.js
- C:\Users\User\Desktop\Hospital-Management-System\node_modules\next\dist\server\next.js
- C:\Users\User\Desktop\Hospital-Management-System\node_modules\next\dist\server\lib\start-server.js
- C:\Users\User\Desktop\Hospital-Management-System\node_modules\next\dist\cli\next-start.js
    at Module.<anonymous> (node:internal/modules/cjs/loader:1419:15)
    at C:\Users\User\Desktop\Hospital-Management-System\node_modules\next\dist\server\require-hook.js:55:36
    at defaultResolveImpl (node:internal/modules/cjs/loader:1057:19)
    at resolveForCJSWithHooks (node:internal/modules/cjs/loader:1062:22)
    at Module._load (node:internal/modules/cjs/loader:1225:37)
    at TracingChannel.traceSync (node:diagnostics_channel:328:14)
    at wrapModuleLoad (node:internal/modules/cjs/loader:244:24)
    at Module.<anonymous> (node:internal/modules/cjs/loader:1502:12)
    at mod.require (C:\Users\User\Desktop\Hospital-Management-System\node_modules\next\dist\server\require-hook.js:65:28)
    at require (node:internal/modules/helpers:152:16) {
  code: 'MODULE_NOT_FOUND',
  requireStack: [
    'C:\\Users\\User\\Desktop\\Hospital-Management-System\\.next\\server\\webpack-runtime.js',
    'C:\\Users\\User\\Desktop\\Hospital-Management-System\\.next\\server\\pages\\_document.js',
    'C:\\Users\\User\\Desktop\\Hospital-Management-System\\node_modules\\next\\dist\\server\\require.js',
    'C:\\Users\\User\\Desktop\\Hospital-Management-System\\node_modules\\next\\dist\\server\\next-server.js',
    'C:\\Users\\User\\Desktop\\Hospital-Management-System\\node_modules\\next\\dist\\server\\next.js',
    'C:\\Users\\User\\Desktop\\Hospital-Management-System\\node_modules\\next\\dist\\server\\lib\\start-server.js',
    'C:\\Users\\User\\Desktop\\Hospital-Management-System\\node_modules\\next\\dist\\cli\\next-start.js'
  ]
}
 ⨯ Error: Cannot find module 'C:\Users\User\Desktop\Hospital-Management-System\.next\server\pages\_error.js'
Require stack:
- C:\Users\User\Desktop\Hospital-Management-System\node_modules\next\dist\server\require.js
- C:\Users\User\Desktop\Hospital-Management-System\node_modules\next\dist\server\next-server.js
- C:\Users\User\Desktop\Hospital-Management-System\node_modules\next\dist\server\next.js
- C:\Users\User\Desktop\Hospital-Management-System\node_modules\next\dist\server\lib\start-server.js
- C:\Users\User\Desktop\Hospital-Management-System\node_modules\next\dist\cli\next-start.js
    at Module.<anonymous> (node:internal/modules/cjs/loader:1419:15)
    at C:\Users\User\Desktop\Hospital-Management-System\node_modules\next\dist\server\require-hook.js:55:36
    at defaultResolveImpl (node:internal/modules/cjs/loader:1057:19)
    at resolveForCJSWithHooks (node:internal/modules/cjs/loader:1062:22)
    at Module._load (node:internal/modules/cjs/loader:1225:37)
    at TracingChannel.traceSync (node:diagnostics_channel:328:14)
    at wrapModuleLoad (node:internal/modules/cjs/loader:244:24)
    at Module.<anonymous> (node:internal/modules/cjs/loader:1502:12)
    at mod.require (C:\Users\User\Desktop\Hospital-Management-System\node_modules\next\dist\server\require-hook.js:65:28)
    at require (node:internal/modules/helpers:152:16) {
  code: 'MODULE_NOT_FOUND',
  requireStack: [
    'C:\\Users\\User\\Desktop\\Hospital-Management-System\\node_modules\\next\\dist\\server\\require.js',
    'C:\\Users\\User\\Desktop\\Hospital-Management-System\\node_modules\\next\\dist\\server\\next-server.js',
    'C:\\Users\\User\\Desktop\\Hospital-Management-System\\node_modules\\next\\dist\\server\\next.js',
    'C:\\Users\\User\\Desktop\\Hospital-Management-System\\node_modules\\next\\dist\\server\\lib\\start-server.js',
    'C:\\Users\\User\\Desktop\\Hospital-Management-System\\node_modules\\next\\dist\\cli\\next-start.js'
  ]
}
 ⨯ Error: Cannot find module 'C:\Users\User\Desktop\Hospital-Management-System\.next\server\app\doctor\page.js'
Require stack:
- C:\Users\User\Desktop\Hospital-Management-System\node_modules\next\dist\server\require.js
- C:\Users\User\Desktop\Hospital-Management-System\node_modules\next\dist\server\next-server.js
- C:\Users\User\Desktop\Hospital-Management-System\node_modules\next\dist\server\next.js
- C:\Users\User\Desktop\Hospital-Management-System\node_modules\next\dist\server\lib\start-server.js
- C:\Users\User\Desktop\Hospital-Management-System\node_modules\next\dist\cli\next-start.js
    at Module.<anonymous> (node:internal/modules/cjs/loader:1419:15)
    at C:\Users\User\Desktop\Hospital-Management-System\node_modules\next\dist\server\require-hook.js:55:36
    at defaultResolveImpl (node:internal/modules/cjs/loader:1057:19)
    at resolveForCJSWithHooks (node:internal/modules/cjs/loader:1062:22)
    at Module._load (node:internal/modules/cjs/loader:1225:37)
    at TracingChannel.traceSync (node:diagnostics_channel:328:14)
    at wrapModuleLoad (node:internal/modules/cjs/loader:244:24)
    at Module.<anonymous> (node:internal/modules/cjs/loader:1502:12)
    at mod.require (C:\Users\User\Desktop\Hospital-Management-System\node_modules\next\dist\server\require-hook.js:65:28)
    at require (node:internal/modules/helpers:152:16) {
  code: 'MODULE_NOT_FOUND',
  requireStack: [
    'C:\\Users\\User\\Desktop\\Hospital-Management-System\\node_modules\\next\\dist\\server\\require.js',
    'C:\\Users\\User\\Desktop\\Hospital-Management-System\\node_modules\\next\\dist\\server\\next-server.js',
    'C:\\Users\\User\\Desktop\\Hospital-Management-System\\node_modules\\next\\dist\\server\\next.js',
    'C:\\Users\\User\\Desktop\\Hospital-Management-System\\node_modules\\next\\dist\\server\\lib\\start-server.js',
    'C:\\Users\\User\\Desktop\\Hospital-Management-System\\node_modules\\next\\dist\\cli\\next-start.js'
  ]
}
 ⨯ Error: Cannot find module 'C:\Users\User\Desktop\Hospital-Management-System\.next\server\pages\_error.js'
Require stack:
- C:\Users\User\Desktop\Hospital-Management-System\node_modules\next\dist\server\require.js
- C:\Users\User\Desktop\Hospital-Management-System\node_modules\next\dist\server\next-server.js
- C:\Users\User\Desktop\Hospital-Management-System\node_modules\next\dist\server\next.js
- C:\Users\User\Desktop\Hospital-Management-System\node_modules\next\dist\server\lib\start-server.js
- C:\Users\User\Desktop\Hospital-Management-System\node_modules\next\dist\cli\next-start.js
    at Module.<anonymous> (node:internal/modules/cjs/loader:1419:15)
    at C:\Users\User\Desktop\Hospital-Management-System\node_modules\next\dist\server\require-hook.js:55:36
    at defaultResolveImpl (node:internal/modules/cjs/loader:1057:19)
    at resolveForCJSWithHooks (node:internal/modules/cjs/loader:1062:22)
    at Module._load (node:internal/modules/cjs/loader:1225:37)
    at TracingChannel.traceSync (node:diagnostics_channel:328:14)
    at wrapModuleLoad (node:internal/modules/cjs/loader:244:24)
    at Module.<anonymous> (node:internal/modules/cjs/loader:1502:12)
    at mod.require (C:\Users\User\Desktop\Hospital-Management-System\node_modules\next\dist\server\require-hook.js:65:28)
    at require (node:internal/modules/helpers:152:16) {
  code: 'MODULE_NOT_FOUND',
  requireStack: [
    'C:\\Users\\User\\Desktop\\Hospital-Management-System\\node_modules\\next\\dist\\server\\require.js',
    'C:\\Users\\User\\Desktop\\Hospital-Management-System\\node_modules\\next\\dist\\server\\next-server.js',
    'C:\\Users\\User\\Desktop\\Hospital-Management-System\\node_modules\\next\\dist\\server\\next.js',
    'C:\\Users\\User\\Desktop\\Hospital-Management-System\\node_modules\\next\\dist\\server\\lib\\start-server.js',
    'C:\\Users\\User\\Desktop\\Hospital-Management-System\\node_modules\\next\\dist\\cli\\next-start.js'
  ]
}
 ⨯ Error: Cannot find module 'C:\Users\User\Desktop\Hospital-Management-System\.next\server\app\doctor\dashboard\page.js'
Require stack:
- C:\Users\User\Desktop\Hospital-Management-System\node_modules\next\dist\server\require.js
- C:\Users\User\Desktop\Hospital-Management-System\node_modules\next\dist\server\next-server.js
- C:\Users\User\Desktop\Hospital-Management-System\node_modules\next\dist\server\next.js
- C:\Users\User\Desktop\Hospital-Management-System\node_modules\next\dist\server\lib\start-server.js
- C:\Users\User\Desktop\Hospital-Management-System\node_modules\next\dist\cli\next-start.js
    at Module.<anonymous> (node:internal/modules/cjs/loader:1419:15)
    at C:\Users\User\Desktop\Hospital-Management-System\node_modules\next\dist\server\require-hook.js:55:36
    at defaultResolveImpl (node:internal/modules/cjs/loader:1057:19)
    at resolveForCJSWithHooks (node:internal/modules/cjs/loader:1062:22)
    at Module._load (node:internal/modules/cjs/loader:1225:37)
    at TracingChannel.traceSync (node:diagnostics_channel:328:14)
    at wrapModuleLoad (node:internal/modules/cjs/loader:244:24)
    at Module.<anonymous> (node:internal/modules/cjs/loader:1502:12)
    at mod.require (C:\Users\User\Desktop\Hospital-Management-System\node_modules\next\dist\server\require-hook.js:65:28)
    at require (node:internal/modules/helpers:152:16) {
  code: 'MODULE_NOT_FOUND',
  requireStack: [
    'C:\\Users\\User\\Desktop\\Hospital-Management-System\\node_modules\\next\\dist\\server\\require.js',
    'C:\\Users\\User\\Desktop\\Hospital-Management-System\\node_modules\\next\\dist\\server\\next-server.js',
    'C:\\Users\\User\\Desktop\\Hospital-Management-System\\node_modules\\next\\dist\\server\\next.js',
    'C:\\Users\\User\\Desktop\\Hospital-Management-System\\node_modules\\next\\dist\\server\\lib\\start-server.js',
    'C:\\Users\\User\\Desktop\\Hospital-Management-System\\node_modules\\next\\dist\\cli\\next-start.js'
  ]
}
 ⨯ Error: Cannot find module 'C:\Users\User\Desktop\Hospital-Management-System\.next\server\pages\_error.js'
Require stack:
- C:\Users\User\Desktop\Hospital-Management-System\node_modules\next\dist\server\require.js
- C:\Users\User\Desktop\Hospital-Management-System\node_modules\next\dist\server\next-server.js
- C:\Users\User\Desktop\Hospital-Management-System\node_modules\next\dist\server\next.js
- C:\Users\User\Desktop\Hospital-Management-System\node_modules\next\dist\server\lib\start-server.js
- C:\Users\User\Desktop\Hospital-Management-System\node_modules\next\dist\cli\next-start.js
    at Module.<anonymous> (node:internal/modules/cjs/loader:1419:15)
    at C:\Users\User\Desktop\Hospital-Management-System\node_modules\next\dist\server\require-hook.js:55:36
    at defaultResolveImpl (node:internal/modules/cjs/loader:1057:19)
    at resolveForCJSWithHooks (node:internal/modules/cjs/loader:1062:22)
    at Module._load (node:internal/modules/cjs/loader:1225:37)
    at TracingChannel.traceSync (node:diagnostics_channel:328:14)
    at wrapModuleLoad (node:internal/modules/cjs/loader:244:24)
    at Module.<anonymous> (node:internal/modules/cjs/loader:1502:12)
    at mod.require (C:\Users\User\Desktop\Hospital-Management-System\node_modules\next\dist\server\require-hook.js:65:28)
    at require (node:internal/modules/helpers:152:16) {
  code: 'MODULE_NOT_FOUND',
  requireStack: [
    'C:\\Users\\User\\Desktop\\Hospital-Management-System\\node_modules\\next\\dist\\server\\require.js',
    'C:\\Users\\User\\Desktop\\Hospital-Management-System\\node_modules\\next\\dist\\server\\next-server.js',
    'C:\\Users\\User\\Desktop\\Hospital-Management-System\\node_modules\\next\\dist\\server\\next.js',
    'C:\\Users\\User\\Desktop\\Hospital-Management-System\\node_modules\\next\\dist\\server\\lib\\start-server.js',
    'C:\\Users\\User\\Desktop\\Hospital-Management-System\\node_modules\\next\\dist\\cli\\next-start.js'
  ]
}
 ⨯ Error: Cannot find module 'C:\Users\User\Desktop\Hospital-Management-System\.next\server\app\doctor\appointments\page.js'
Require stack:
- C:\Users\User\Desktop\Hospital-Management-System\node_modules\next\dist\server\require.js
- C:\Users\User\Desktop\Hospital-Management-System\node_modules\next\dist\server\next-server.js
- C:\Users\User\Desktop\Hospital-Management-System\node_modules\next\dist\server\next.js
- C:\Users\User\Desktop\Hospital-Management-System\node_modules\next\dist\server\lib\start-server.js
- C:\Users\User\Desktop\Hospital-Management-System\node_modules\next\dist\cli\next-start.js
    at Module.<anonymous> (node:internal/modules/cjs/loader:1419:15)
    at C:\Users\User\Desktop\Hospital-Management-System\node_modules\next\dist\server\require-hook.js:55:36
    at defaultResolveImpl (node:internal/modules/cjs/loader:1057:19)
    at resolveForCJSWithHooks (node:internal/modules/cjs/loader:1062:22)
    at Module._load (node:internal/modules/cjs/loader:1225:37)
    at TracingChannel.traceSync (node:diagnostics_channel:328:14)
    at wrapModuleLoad (node:internal/modules/cjs/loader:244:24)
    at Module.<anonymous> (node:internal/modules/cjs/loader:1502:12)
    at mod.require (C:\Users\User\Desktop\Hospital-Management-System\node_modules\next\dist\server\require-hook.js:65:28)
    at require (node:internal/modules/helpers:152:16) {
  code: 'MODULE_NOT_FOUND',
  requireStack: [
    'C:\\Users\\User\\Desktop\\Hospital-Management-System\\node_modules\\next\\dist\\server\\require.js',
    'C:\\Users\\User\\Desktop\\Hospital-Management-System\\node_modules\\next\\dist\\server\\next-server.js',
    'C:\\Users\\User\\Desktop\\Hospital-Management-System\\node_modules\\next\\dist\\server\\next.js',
    'C:\\Users\\User\\Desktop\\Hospital-Management-System\\node_modules\\next\\dist\\server\\lib\\start-server.js',
    'C:\\Users\\User\\Desktop\\Hospital-Management-System\\node_modules\\next\\dist\\cli\\next-start.js'
  ]
}
 ⨯ Error: Cannot find module 'C:\Users\User\Desktop\Hospital-Management-System\.next\server\pages\_error.js'
Require stack:
- C:\Users\User\Desktop\Hospital-Management-System\node_modules\next\dist\server\require.js
- C:\Users\User\Desktop\Hospital-Management-System\node_modules\next\dist\server\next-server.js
- C:\Users\User\Desktop\Hospital-Management-System\node_modules\next\dist\server\next.js
- C:\Users\User\Desktop\Hospital-Management-System\node_modules\next\dist\server\lib\start-server.js
- C:\Users\User\Desktop\Hospital-Management-System\node_modules\next\dist\cli\next-start.js
    at Module.<anonymous> (node:internal/modules/cjs/loader:1419:15)
    at C:\Users\User\Desktop\Hospital-Management-System\node_modules\next\dist\server\require-hook.js:55:36
    at defaultResolveImpl (node:internal/modules/cjs/loader:1057:19)
    at resolveForCJSWithHooks (node:internal/modules/cjs/loader:1062:22)
    at Module._load (node:internal/modules/cjs/loader:1225:37)
    at TracingChannel.traceSync (node:diagnostics_channel:328:14)
    at wrapModuleLoad (node:internal/modules/cjs/loader:244:24)
    at Module.<anonymous> (node:internal/modules/cjs/loader:1502:12)
    at mod.require (C:\Users\User\Desktop\Hospital-Management-System\node_modules\next\dist\server\require-hook.js:65:28)
    at require (node:internal/modules/helpers:152:16) {
  code: 'MODULE_NOT_FOUND',
  requireStack: [
    'C:\\Users\\User\\Desktop\\Hospital-Management-System\\node_modules\\next\\dist\\server\\require.js',
    'C:\\Users\\User\\Desktop\\Hospital-Management-System\\node_modules\\next\\dist\\server\\next-server.js',
    'C:\\Users\\User\\Desktop\\Hospital-Management-System\\node_modules\\next\\dist\\server\\next.js',
    'C:\\Users\\User\\Desktop\\Hospital-Management-System\\node_modules\\next\\dist\\server\\lib\\start-server.js',
    'C:\\Users\\User\\Desktop\\Hospital-Management-System\\node_modules\\next\\dist\\cli\\next-start.js'
  ]
}
 ⨯ Error: Cannot find module 'C:\Users\User\Desktop\Hospital-Management-System\.next\server\app\doctor\patients\page.js'
Require stack:
- C:\Users\User\Desktop\Hospital-Management-System\node_modules\next\dist\server\require.js
- C:\Users\User\Desktop\Hospital-Management-System\node_modules\next\dist\server\next-server.js
- C:\Users\User\Desktop\Hospital-Management-System\node_modules\next\dist\server\next.js
- C:\Users\User\Desktop\Hospital-Management-System\node_modules\next\dist\server\lib\start-server.js
- C:\Users\User\Desktop\Hospital-Management-System\node_modules\next\dist\cli\next-start.js
    at Module.<anonymous> (node:internal/modules/cjs/loader:1419:15)
    at C:\Users\User\Desktop\Hospital-Management-System\node_modules\next\dist\server\require-hook.js:55:36
    at defaultResolveImpl (node:internal/modules/cjs/loader:1057:19)
    at resolveForCJSWithHooks (node:internal/modules/cjs/loader:1062:22)
    at Module._load (node:internal/modules/cjs/loader:1225:37)
    at TracingChannel.traceSync (node:diagnostics_channel:328:14)
    at wrapModuleLoad (node:internal/modules/cjs/loader:244:24)
    at Module.<anonymous> (node:internal/modules/cjs/loader:1502:12)
    at mod.require (C:\Users\User\Desktop\Hospital-Management-System\node_modules\next\dist\server\require-hook.js:65:28)
    at require (node:internal/modules/helpers:152:16) {
  code: 'MODULE_NOT_FOUND',
  requireStack: [
    'C:\\Users\\User\\Desktop\\Hospital-Management-System\\node_modules\\next\\dist\\server\\require.js',
    'C:\\Users\\User\\Desktop\\Hospital-Management-System\\node_modules\\next\\dist\\server\\next-server.js',
    'C:\\Users\\User\\Desktop\\Hospital-Management-System\\node_modules\\next\\dist\\server\\next.js',
    'C:\\Users\\User\\Desktop\\Hospital-Management-System\\node_modules\\next\\dist\\server\\lib\\start-server.js',
    'C:\\Users\\User\\Desktop\\Hospital-Management-System\\node_modules\\next\\dist\\cli\\next-start.js'
  ]
}
 ⨯ Error: Cannot find module 'C:\Users\User\Desktop\Hospital-Management-System\.next\server\pages\_error.js'
Require stack:
- C:\Users\User\Desktop\Hospital-Management-System\node_modules\next\dist\server\require.js
- C:\Users\User\Desktop\Hospital-Management-System\node_modules\next\dist\server\next-server.js
- C:\Users\User\Desktop\Hospital-Management-System\node_modules\next\dist\server\next.js
- C:\Users\User\Desktop\Hospital-Management-System\node_modules\next\dist\server\lib\start-server.js
- C:\Users\User\Desktop\Hospital-Management-System\node_modules\next\dist\cli\next-start.js
    at Module.<anonymous> (node:internal/modules/cjs/loader:1419:15)
    at C:\Users\User\Desktop\Hospital-Management-System\node_modules\next\dist\server\require-hook.js:55:36
    at defaultResolveImpl (node:internal/modules/cjs/loader:1057:19)
    at resolveForCJSWithHooks (node:internal/modules/cjs/loader:1062:22)
    at Module._load (node:internal/modules/cjs/loader:1225:37)
    at TracingChannel.traceSync (node:diagnostics_channel:328:14)
    at wrapModuleLoad (node:internal/modules/cjs/loader:244:24)
    at Module.<anonymous> (node:internal/modules/cjs/loader:1502:12)
    at mod.require (C:\Users\User\Desktop\Hospital-Management-System\node_modules\next\dist\server\require-hook.js:65:28)
    at require (node:internal/modules/helpers:152:16) {
  code: 'MODULE_NOT_FOUND',
  requireStack: [
    'C:\\Users\\User\\Desktop\\Hospital-Management-System\\node_modules\\next\\dist\\server\\require.js',
    'C:\\Users\\User\\Desktop\\Hospital-Management-System\\node_modules\\next\\dist\\server\\next-server.js',
    'C:\\Users\\User\\Desktop\\Hospital-Management-System\\node_modules\\next\\dist\\server\\next.js',
    'C:\\Users\\User\\Desktop\\Hospital-Management-System\\node_modules\\next\\dist\\server\\lib\\start-server.js',
    'C:\\Users\\User\\Desktop\\Hospital-Management-System\\node_modules\\next\\dist\\cli\\next-start.js'
  ]
}
 ⨯ Error: Cannot find module 'C:\Users\User\Desktop\Hospital-Management-System\.next\server\app\doctor\prescriptions\page.js'
Require stack:
- C:\Users\User\Desktop\Hospital-Management-System\node_modules\next\dist\server\require.js
- C:\Users\User\Desktop\Hospital-Management-System\node_modules\next\dist\server\next-server.js
- C:\Users\User\Desktop\Hospital-Management-System\node_modules\next\dist\server\next.js
- C:\Users\User\Desktop\Hospital-Management-System\node_modules\next\dist\server\lib\start-server.js
- C:\Users\User\Desktop\Hospital-Management-System\node_modules\next\dist\cli\next-start.js
    at Module.<anonymous> (node:internal/modules/cjs/loader:1419:15)
    at C:\Users\User\Desktop\Hospital-Management-System\node_modules\next\dist\server\require-hook.js:55:36
    at defaultResolveImpl (node:internal/modules/cjs/loader:1057:19)
    at resolveForCJSWithHooks (node:internal/modules/cjs/loader:1062:22)
    at Module._load (node:internal/modules/cjs/loader:1225:37)
    at TracingChannel.traceSync (node:diagnostics_channel:328:14)
    at wrapModuleLoad (node:internal/modules/cjs/loader:244:24)
    at Module.<anonymous> (node:internal/modules/cjs/loader:1502:12)
    at mod.require (C:\Users\User\Desktop\Hospital-Management-System\node_modules\next\dist\server\require-hook.js:65:28)
    at require (node:internal/modules/helpers:152:16) {
  code: 'MODULE_NOT_FOUND',
  requireStack: [
    'C:\\Users\\User\\Desktop\\Hospital-Management-System\\node_modules\\next\\dist\\server\\require.js',
    'C:\\Users\\User\\Desktop\\Hospital-Management-System\\node_modules\\next\\dist\\server\\next-server.js',
    'C:\\Users\\User\\Desktop\\Hospital-Management-System\\node_modules\\next\\dist\\server\\next.js',
    'C:\\Users\\User\\Desktop\\Hospital-Management-System\\node_modules\\next\\dist\\server\\lib\\start-server.js',
    'C:\\Users\\User\\Desktop\\Hospital-Management-System\\node_modules\\next\\dist\\cli\\next-start.js'
  ]
}
 ⨯ Error: Cannot find module 'C:\Users\User\Desktop\Hospital-Management-System\.next\server\pages\_error.js'
Require stack:
- C:\Users\User\Desktop\Hospital-Management-System\node_modules\next\dist\server\require.js
- C:\Users\User\Desktop\Hospital-Management-System\node_modules\next\dist\server\next-server.js
- C:\Users\User\Desktop\Hospital-Management-System\node_modules\next\dist\server\next.js
- C:\Users\User\Desktop\Hospital-Management-System\node_modules\next\dist\server\lib\start-server.js
- C:\Users\User\Desktop\Hospital-Management-System\node_modules\next\dist\cli\next-start.js
    at Module.<anonymous> (node:internal/modules/cjs/loader:1419:15)
    at C:\Users\User\Desktop\Hospital-Management-System\node_modules\next\dist\server\require-hook.js:55:36
    at defaultResolveImpl (node:internal/modules/cjs/loader:1057:19)
    at resolveForCJSWithHooks (node:internal/modules/cjs/loader:1062:22)
    at Module._load (node:internal/modules/cjs/loader:1225:37)
    at TracingChannel.traceSync (node:diagnostics_channel:328:14)
    at wrapModuleLoad (node:internal/modules/cjs/loader:244:24)
    at Module.<anonymous> (node:internal/modules/cjs/loader:1502:12)
    at mod.require (C:\Users\User\Desktop\Hospital-Management-System\node_modules\next\dist\server\require-hook.js:65:28)
    at require (node:internal/modules/helpers:152:16) {
  code: 'MODULE_NOT_FOUND',
  requireStack: [
    'C:\\Users\\User\\Desktop\\Hospital-Management-System\\node_modules\\next\\dist\\server\\require.js',
    'C:\\Users\\User\\Desktop\\Hospital-Management-System\\node_modules\\next\\dist\\server\\next-server.js',
    'C:\\Users\\User\\Desktop\\Hospital-Management-System\\node_modules\\next\\dist\\server\\next.js',
    'C:\\Users\\User\\Desktop\\Hospital-Management-System\\node_modules\\next\\dist\\server\\lib\\start-server.js',
    'C:\\Users\\User\\Desktop\\Hospital-Management-System\\node_modules\\next\\dist\\cli\\next-start.js'
  ]
}
 ⨯ Error: Cannot find module 'C:\Users\User\Desktop\Hospital-Management-System\.next\server\app\doctor\records\page.js'
Require stack:
- C:\Users\User\Desktop\Hospital-Management-System\node_modules\next\dist\server\require.js
- C:\Users\User\Desktop\Hospital-Management-System\node_modules\next\dist\server\next-server.js
- C:\Users\User\Desktop\Hospital-Management-System\node_modules\next\dist\server\next.js
- C:\Users\User\Desktop\Hospital-Management-System\node_modules\next\dist\server\lib\start-server.js
- C:\Users\User\Desktop\Hospital-Management-System\node_modules\next\dist\cli\next-start.js
    at Module.<anonymous> (node:internal/modules/cjs/loader:1419:15)
    at C:\Users\User\Desktop\Hospital-Management-System\node_modules\next\dist\server\require-hook.js:55:36
    at defaultResolveImpl (node:internal/modules/cjs/loader:1057:19)
    at resolveForCJSWithHooks (node:internal/modules/cjs/loader:1062:22)
    at Module._load (node:internal/modules/cjs/loader:1225:37)
    at TracingChannel.traceSync (node:diagnostics_channel:328:14)
    at wrapModuleLoad (node:internal/modules/cjs/loader:244:24)
    at Module.<anonymous> (node:internal/modules/cjs/loader:1502:12)
    at mod.require (C:\Users\User\Desktop\Hospital-Management-System\node_modules\next\dist\server\require-hook.js:65:28)
    at require (node:internal/modules/helpers:152:16) {
  code: 'MODULE_NOT_FOUND',
  requireStack: [
    'C:\\Users\\User\\Desktop\\Hospital-Management-System\\node_modules\\next\\dist\\server\\require.js',
    'C:\\Users\\User\\Desktop\\Hospital-Management-System\\node_modules\\next\\dist\\server\\next-server.js',
    'C:\\Users\\User\\Desktop\\Hospital-Management-System\\node_modules\\next\\dist\\server\\next.js',
    'C:\\Users\\User\\Desktop\\Hospital-Management-System\\node_modules\\next\\dist\\server\\lib\\start-server.js',
    'C:\\Users\\User\\Desktop\\Hospital-Management-System\\node_modules\\next\\dist\\cli\\next-start.js'
  ]
}
 ⨯ Error: Cannot find module 'C:\Users\User\Desktop\Hospital-Management-System\.next\server\pages\_error.js'
Require stack:
- C:\Users\User\Desktop\Hospital-Management-System\node_modules\next\dist\server\require.js
- C:\Users\User\Desktop\Hospital-Management-System\node_modules\next\dist\server\next-server.js
- C:\Users\User\Desktop\Hospital-Management-System\node_modules\next\dist\server\next.js
- C:\Users\User\Desktop\Hospital-Management-System\node_modules\next\dist\server\lib\start-server.js
- C:\Users\User\Desktop\Hospital-Management-System\node_modules\next\dist\cli\next-start.js
    at Module.<anonymous> (node:internal/modules/cjs/loader:1419:15)
    at C:\Users\User\Desktop\Hospital-Management-System\node_modules\next\dist\server\require-hook.js:55:36
    at defaultResolveImpl (node:internal/modules/cjs/loader:1057:19)
    at resolveForCJSWithHooks (node:internal/modules/cjs/loader:1062:22)
    at Module._load (node:internal/modules/cjs/loader:1225:37)
    at TracingChannel.traceSync (node:diagnostics_channel:328:14)
    at wrapModuleLoad (node:internal/modules/cjs/loader:244:24)
    at Module.<anonymous> (node:internal/modules/cjs/loader:1502:12)
    at mod.require (C:\Users\User\Desktop\Hospital-Management-System\node_modules\next\dist\server\require-hook.js:65:28)
    at require (node:internal/modules/helpers:152:16) {
  code: 'MODULE_NOT_FOUND',
  requireStack: [
    'C:\\Users\\User\\Desktop\\Hospital-Management-System\\node_modules\\next\\dist\\server\\require.js',
    'C:\\Users\\User\\Desktop\\Hospital-Management-System\\node_modules\\next\\dist\\server\\next-server.js',
    'C:\\Users\\User\\Desktop\\Hospital-Management-System\\node_modules\\next\\dist\\server\\next.js',
    'C:\\Users\\User\\Desktop\\Hospital-Management-System\\node_modules\\next\\dist\\server\\lib\\start-server.js',
    'C:\\Users\\User\\Desktop\\Hospital-Management-System\\node_modules\\next\\dist\\cli\\next-start.js'
  ]
}
 ⨯ Error: Cannot find module 'C:\Users\User\Desktop\Hospital-Management-System\.next\server\app\doctor\schedule\page.js'
Require stack:
- C:\Users\User\Desktop\Hospital-Management-System\node_modules\next\dist\server\require.js
- C:\Users\User\Desktop\Hospital-Management-System\node_modules\next\dist\server\next-server.js
- C:\Users\User\Desktop\Hospital-Management-System\node_modules\next\dist\server\next.js
- C:\Users\User\Desktop\Hospital-Management-System\node_modules\next\dist\server\lib\start-server.js
- C:\Users\User\Desktop\Hospital-Management-System\node_modules\next\dist\cli\next-start.js
    at Module.<anonymous> (node:internal/modules/cjs/loader:1419:15)
    at C:\Users\User\Desktop\Hospital-Management-System\node_modules\next\dist\server\require-hook.js:55:36
    at defaultResolveImpl (node:internal/modules/cjs/loader:1057:19)
    at resolveForCJSWithHooks (node:internal/modules/cjs/loader:1062:22)
    at Module._load (node:internal/modules/cjs/loader:1225:37)
    at TracingChannel.traceSync (node:diagnostics_channel:328:14)
    at wrapModuleLoad (node:internal/modules/cjs/loader:244:24)
    at Module.<anonymous> (node:internal/modules/cjs/loader:1502:12)
    at mod.require (C:\Users\User\Desktop\Hospital-Management-System\node_modules\next\dist\server\require-hook.js:65:28)
    at require (node:internal/modules/helpers:152:16) {
  code: 'MODULE_NOT_FOUND',
  requireStack: [
    'C:\\Users\\User\\Desktop\\Hospital-Management-System\\node_modules\\next\\dist\\server\\require.js',
    'C:\\Users\\User\\Desktop\\Hospital-Management-System\\node_modules\\next\\dist\\server\\next-server.js',
    'C:\\Users\\User\\Desktop\\Hospital-Management-System\\node_modules\\next\\dist\\server\\next.js',
    'C:\\Users\\User\\Desktop\\Hospital-Management-System\\node_modules\\next\\dist\\server\\lib\\start-server.js',
    'C:\\Users\\User\\Desktop\\Hospital-Management-System\\node_modules\\next\\dist\\cli\\next-start.js'
  ]
}
 ⨯ Error: Cannot find module 'C:\Users\User\Desktop\Hospital-Management-System\.next\server\pages\_error.js'
Require stack:
- C:\Users\User\Desktop\Hospital-Management-System\node_modules\next\dist\server\require.js
- C:\Users\User\Desktop\Hospital-Management-System\node_modules\next\dist\server\next-server.js
- C:\Users\User\Desktop\Hospital-Management-System\node_modules\next\dist\server\next.js
- C:\Users\User\Desktop\Hospital-Management-System\node_modules\next\dist\server\lib\start-server.js
- C:\Users\User\Desktop\Hospital-Management-System\node_modules\next\dist\cli\next-start.js
    at Module.<anonymous> (node:internal/modules/cjs/loader:1419:15)
    at C:\Users\User\Desktop\Hospital-Management-System\node_modules\next\dist\server\require-hook.js:55:36
    at defaultResolveImpl (node:internal/modules/cjs/loader:1057:19)
    at resolveForCJSWithHooks (node:internal/modules/cjs/loader:1062:22)
    at Module._load (node:internal/modules/cjs/loader:1225:37)
    at TracingChannel.traceSync (node:diagnostics_channel:328:14)
    at wrapModuleLoad (node:internal/modules/cjs/loader:244:24)
    at Module.<anonymous> (node:internal/modules/cjs/loader:1502:12)
    at mod.require (C:\Users\User\Desktop\Hospital-Management-System\node_modules\next\dist\server\require-hook.js:65:28)
    at require (node:internal/modules/helpers:152:16) {
  code: 'MODULE_NOT_FOUND',
  requireStack: [
    'C:\\Users\\User\\Desktop\\Hospital-Management-System\\node_modules\\next\\dist\\server\\require.js',
    'C:\\Users\\User\\Desktop\\Hospital-Management-System\\node_modules\\next\\dist\\server\\next-server.js',
    'C:\\Users\\User\\Desktop\\Hospital-Management-System\\node_modules\\next\\dist\\server\\next.js',
    'C:\\Users\\User\\Desktop\\Hospital-Management-System\\node_modules\\next\\dist\\server\\lib\\start-server.js',
    'C:\\Users\\User\\Desktop\\Hospital-Management-System\\node_modules\\next\\dist\\cli\\next-start.js'
  ]
}
 ⨯ Error: Cannot find module 'C:\Users\User\Desktop\Hospital-Management-System\.next\server\app\patient\page.js'
Require stack:
- C:\Users\User\Desktop\Hospital-Management-System\node_modules\next\dist\server\require.js
- C:\Users\User\Desktop\Hospital-Management-System\node_modules\next\dist\server\next-server.js
- C:\Users\User\Desktop\Hospital-Management-System\node_modules\next\dist\server\next.js
- C:\Users\User\Desktop\Hospital-Management-System\node_modules\next\dist\server\lib\start-server.js
- C:\Users\User\Desktop\Hospital-Management-System\node_modules\next\dist\cli\next-start.js
    at Module.<anonymous> (node:internal/modules/cjs/loader:1419:15)
    at C:\Users\User\Desktop\Hospital-Management-System\node_modules\next\dist\server\require-hook.js:55:36
    at defaultResolveImpl (node:internal/modules/cjs/loader:1057:19)
    at resolveForCJSWithHooks (node:internal/modules/cjs/loader:1062:22)
    at Module._load (node:internal/modules/cjs/loader:1225:37)
    at TracingChannel.traceSync (node:diagnostics_channel:328:14)
    at wrapModuleLoad (node:internal/modules/cjs/loader:244:24)
    at Module.<anonymous> (node:internal/modules/cjs/loader:1502:12)
    at mod.require (C:\Users\User\Desktop\Hospital-Management-System\node_modules\next\dist\server\require-hook.js:65:28)
    at require (node:internal/modules/helpers:152:16) {
  code: 'MODULE_NOT_FOUND',
  requireStack: [
    'C:\\Users\\User\\Desktop\\Hospital-Management-System\\node_modules\\next\\dist\\server\\require.js',
    'C:\\Users\\User\\Desktop\\Hospital-Management-System\\node_modules\\next\\dist\\server\\next-server.js',
    'C:\\Users\\User\\Desktop\\Hospital-Management-System\\node_modules\\next\\dist\\server\\next.js',
    'C:\\Users\\User\\Desktop\\Hospital-Management-System\\node_modules\\next\\dist\\server\\lib\\start-server.js',
    'C:\\Users\\User\\Desktop\\Hospital-Management-System\\node_modules\\next\\dist\\cli\\next-start.js'
  ]
}
 ⨯ Error: Cannot find module 'C:\Users\User\Desktop\Hospital-Management-System\.next\server\pages\_error.js'
Require stack:
- C:\Users\User\Desktop\Hospital-Management-System\node_modules\next\dist\server\require.js
- C:\Users\User\Desktop\Hospital-Management-System\node_modules\next\dist\server\next-server.js
- C:\Users\User\Desktop\Hospital-Management-System\node_modules\next\dist\server\next.js
- C:\Users\User\Desktop\Hospital-Management-System\node_modules\next\dist\server\lib\start-server.js
- C:\Users\User\Desktop\Hospital-Management-System\node_modules\next\dist\cli\next-start.js
    at Module.<anonymous> (node:internal/modules/cjs/loader:1419:15)
    at C:\Users\User\Desktop\Hospital-Management-System\node_modules\next\dist\server\require-hook.js:55:36
    at defaultResolveImpl (node:internal/modules/cjs/loader:1057:19)
    at resolveForCJSWithHooks (node:internal/modules/cjs/loader:1062:22)
    at Module._load (node:internal/modules/cjs/loader:1225:37)
    at TracingChannel.traceSync (node:diagnostics_channel:328:14)
    at wrapModuleLoad (node:internal/modules/cjs/loader:244:24)
    at Module.<anonymous> (node:internal/modules/cjs/loader:1502:12)
    at mod.require (C:\Users\User\Desktop\Hospital-Management-System\node_modules\next\dist\server\require-hook.js:65:28)
    at require (node:internal/modules/helpers:152:16) {
  code: 'MODULE_NOT_FOUND',
  requireStack: [
    'C:\\Users\\User\\Desktop\\Hospital-Management-System\\node_modules\\next\\dist\\server\\require.js',
    'C:\\Users\\User\\Desktop\\Hospital-Management-System\\node_modules\\next\\dist\\server\\next-server.js',
    'C:\\Users\\User\\Desktop\\Hospital-Management-System\\node_modules\\next\\dist\\server\\next.js',
    'C:\\Users\\User\\Desktop\\Hospital-Management-System\\node_modules\\next\\dist\\server\\lib\\start-server.js',
    'C:\\Users\\User\\Desktop\\Hospital-Management-System\\node_modules\\next\\dist\\cli\\next-start.js'
  ]
}
 ⨯ Error: Cannot find module 'C:\Users\User\Desktop\Hospital-Management-System\.next\server\app\patient\dashboard\page.js'
Require stack:
- C:\Users\User\Desktop\Hospital-Management-System\node_modules\next\dist\server\require.js
- C:\Users\User\Desktop\Hospital-Management-System\node_modules\next\dist\server\next-server.js
- C:\Users\User\Desktop\Hospital-Management-System\node_modules\next\dist\server\next.js
- C:\Users\User\Desktop\Hospital-Management-System\node_modules\next\dist\server\lib\start-server.js
- C:\Users\User\Desktop\Hospital-Management-System\node_modules\next\dist\cli\next-start.js
    at Module.<anonymous> (node:internal/modules/cjs/loader:1419:15)
    at C:\Users\User\Desktop\Hospital-Management-System\node_modules\next\dist\server\require-hook.js:55:36
    at defaultResolveImpl (node:internal/modules/cjs/loader:1057:19)
    at resolveForCJSWithHooks (node:internal/modules/cjs/loader:1062:22)
    at Module._load (node:internal/modules/cjs/loader:1225:37)
    at TracingChannel.traceSync (node:diagnostics_channel:328:14)
    at wrapModuleLoad (node:internal/modules/cjs/loader:244:24)
    at Module.<anonymous> (node:internal/modules/cjs/loader:1502:12)
    at mod.require (C:\Users\User\Desktop\Hospital-Management-System\node_modules\next\dist\server\require-hook.js:65:28)
    at require (node:internal/modules/helpers:152:16) {
  code: 'MODULE_NOT_FOUND',
  requireStack: [
    'C:\\Users\\User\\Desktop\\Hospital-Management-System\\node_modules\\next\\dist\\server\\require.js',
    'C:\\Users\\User\\Desktop\\Hospital-Management-System\\node_modules\\next\\dist\\server\\next-server.js',
    'C:\\Users\\User\\Desktop\\Hospital-Management-System\\node_modules\\next\\dist\\server\\next.js',
    'C:\\Users\\User\\Desktop\\Hospital-Management-System\\node_modules\\next\\dist\\server\\lib\\start-server.js',
    'C:\\Users\\User\\Desktop\\Hospital-Management-System\\node_modules\\next\\dist\\cli\\next-start.js'
  ]
}
 ⨯ Error: Cannot find module 'C:\Users\User\Desktop\Hospital-Management-System\.next\server\pages\_error.js'
Require stack:
- C:\Users\User\Desktop\Hospital-Management-System\node_modules\next\dist\server\require.js
- C:\Users\User\Desktop\Hospital-Management-System\node_modules\next\dist\server\next-server.js
- C:\Users\User\Desktop\Hospital-Management-System\node_modules\next\dist\server\next.js
- C:\Users\User\Desktop\Hospital-Management-System\node_modules\next\dist\server\lib\start-server.js
- C:\Users\User\Desktop\Hospital-Management-System\node_modules\next\dist\cli\next-start.js
    at Module.<anonymous> (node:internal/modules/cjs/loader:1419:15)
    at C:\Users\User\Desktop\Hospital-Management-System\node_modules\next\dist\server\require-hook.js:55:36
    at defaultResolveImpl (node:internal/modules/cjs/loader:1057:19)
    at resolveForCJSWithHooks (node:internal/modules/cjs/loader:1062:22)
    at Module._load (node:internal/modules/cjs/loader:1225:37)
    at TracingChannel.traceSync (node:diagnostics_channel:328:14)
    at wrapModuleLoad (node:internal/modules/cjs/loader:244:24)
    at Module.<anonymous> (node:internal/modules/cjs/loader:1502:12)
    at mod.require (C:\Users\User\Desktop\Hospital-Management-System\node_modules\next\dist\server\require-hook.js:65:28)
    at require (node:internal/modules/helpers:152:16) {
  code: 'MODULE_NOT_FOUND',
  requireStack: [
    'C:\\Users\\User\\Desktop\\Hospital-Management-System\\node_modules\\next\\dist\\server\\require.js',
    'C:\\Users\\User\\Desktop\\Hospital-Management-System\\node_modules\\next\\dist\\server\\next-server.js',
    'C:\\Users\\User\\Desktop\\Hospital-Management-System\\node_modules\\next\\dist\\server\\next.js',
    'C:\\Users\\User\\Desktop\\Hospital-Management-System\\node_modules\\next\\dist\\server\\lib\\start-server.js',
    'C:\\Users\\User\\Desktop\\Hospital-Management-System\\node_modules\\next\\dist\\cli\\next-start.js'
  ]
}
 ⨯ Error: Cannot find module 'C:\Users\User\Desktop\Hospital-Management-System\.next\server\app\patient\appointments\page.js'
Require stack:
- C:\Users\User\Desktop\Hospital-Management-System\node_modules\next\dist\server\require.js
- C:\Users\User\Desktop\Hospital-Management-System\node_modules\next\dist\server\next-server.js
- C:\Users\User\Desktop\Hospital-Management-System\node_modules\next\dist\server\next.js
- C:\Users\User\Desktop\Hospital-Management-System\node_modules\next\dist\server\lib\start-server.js
- C:\Users\User\Desktop\Hospital-Management-System\node_modules\next\dist\cli\next-start.js
    at Module.<anonymous> (node:internal/modules/cjs/loader:1419:15)
    at C:\Users\User\Desktop\Hospital-Management-System\node_modules\next\dist\server\require-hook.js:55:36
    at defaultResolveImpl (node:internal/modules/cjs/loader:1057:19)
    at resolveForCJSWithHooks (node:internal/modules/cjs/loader:1062:22)
    at Module._load (node:internal/modules/cjs/loader:1225:37)
    at TracingChannel.traceSync (node:diagnostics_channel:328:14)
    at wrapModuleLoad (node:internal/modules/cjs/loader:244:24)
    at Module.<anonymous> (node:internal/modules/cjs/loader:1502:12)
    at mod.require (C:\Users\User\Desktop\Hospital-Management-System\node_modules\next\dist\server\require-hook.js:65:28)
    at require (node:internal/modules/helpers:152:16) {
  code: 'MODULE_NOT_FOUND',
  requireStack: [
    'C:\\Users\\User\\Desktop\\Hospital-Management-System\\node_modules\\next\\dist\\server\\require.js',
    'C:\\Users\\User\\Desktop\\Hospital-Management-System\\node_modules\\next\\dist\\server\\next-server.js',
    'C:\\Users\\User\\Desktop\\Hospital-Management-System\\node_modules\\next\\dist\\server\\next.js',
    'C:\\Users\\User\\Desktop\\Hospital-Management-System\\node_modules\\next\\dist\\server\\lib\\start-server.js',
    'C:\\Users\\User\\Desktop\\Hospital-Management-System\\node_modules\\next\\dist\\cli\\next-start.js'
  ]
}
 ⨯ Error: Cannot find module 'C:\Users\User\Desktop\Hospital-Management-System\.next\server\pages\_error.js'
Require stack:
- C:\Users\User\Desktop\Hospital-Management-System\node_modules\next\dist\server\require.js
- C:\Users\User\Desktop\Hospital-Management-System\node_modules\next\dist\server\next-server.js
- C:\Users\User\Desktop\Hospital-Management-System\node_modules\next\dist\server\next.js
- C:\Users\User\Desktop\Hospital-Management-System\node_modules\next\dist\server\lib\start-server.js
- C:\Users\User\Desktop\Hospital-Management-System\node_modules\next\dist\cli\next-start.js
    at Module.<anonymous> (node:internal/modules/cjs/loader:1419:15)
    at C:\Users\User\Desktop\Hospital-Management-System\node_modules\next\dist\server\require-hook.js:55:36
    at defaultResolveImpl (node:internal/modules/cjs/loader:1057:19)
    at resolveForCJSWithHooks (node:internal/modules/cjs/loader:1062:22)
    at Module._load (node:internal/modules/cjs/loader:1225:37)
    at TracingChannel.traceSync (node:diagnostics_channel:328:14)
    at wrapModuleLoad (node:internal/modules/cjs/loader:244:24)
    at Module.<anonymous> (node:internal/modules/cjs/loader:1502:12)
    at mod.require (C:\Users\User\Desktop\Hospital-Management-System\node_modules\next\dist\server\require-hook.js:65:28)
    at require (node:internal/modules/helpers:152:16) {
  code: 'MODULE_NOT_FOUND',
  requireStack: [
    'C:\\Users\\User\\Desktop\\Hospital-Management-System\\node_modules\\next\\dist\\server\\require.js',
    'C:\\Users\\User\\Desktop\\Hospital-Management-System\\node_modules\\next\\dist\\server\\next-server.js',
    'C:\\Users\\User\\Desktop\\Hospital-Management-System\\node_modules\\next\\dist\\server\\next.js',
    'C:\\Users\\User\\Desktop\\Hospital-Management-System\\node_modules\\next\\dist\\server\\lib\\start-server.js',
    'C:\\Users\\User\\Desktop\\Hospital-Management-System\\node_modules\\next\\dist\\cli\\next-start.js'
  ]
}
 ⨯ Error: Cannot find module 'C:\Users\User\Desktop\Hospital-Management-System\.next\server\app\patient\billing\page.js'
Require stack:
- C:\Users\User\Desktop\Hospital-Management-System\node_modules\next\dist\server\require.js
- C:\Users\User\Desktop\Hospital-Management-System\node_modules\next\dist\server\next-server.js
- C:\Users\User\Desktop\Hospital-Management-System\node_modules\next\dist\server\next.js
- C:\Users\User\Desktop\Hospital-Management-System\node_modules\next\dist\server\lib\start-server.js
- C:\Users\User\Desktop\Hospital-Management-System\node_modules\next\dist\cli\next-start.js
    at Module.<anonymous> (node:internal/modules/cjs/loader:1419:15)
    at C:\Users\User\Desktop\Hospital-Management-System\node_modules\next\dist\server\require-hook.js:55:36
    at defaultResolveImpl (node:internal/modules/cjs/loader:1057:19)
    at resolveForCJSWithHooks (node:internal/modules/cjs/loader:1062:22)
    at Module._load (node:internal/modules/cjs/loader:1225:37)
    at TracingChannel.traceSync (node:diagnostics_channel:328:14)
    at wrapModuleLoad (node:internal/modules/cjs/loader:244:24)
    at Module.<anonymous> (node:internal/modules/cjs/loader:1502:12)
    at mod.require (C:\Users\User\Desktop\Hospital-Management-System\node_modules\next\dist\server\require-hook.js:65:28)
    at require (node:internal/modules/helpers:152:16) {
  code: 'MODULE_NOT_FOUND',
  requireStack: [
    'C:\\Users\\User\\Desktop\\Hospital-Management-System\\node_modules\\next\\dist\\server\\require.js',
    'C:\\Users\\User\\Desktop\\Hospital-Management-System\\node_modules\\next\\dist\\server\\next-server.js',
    'C:\\Users\\User\\Desktop\\Hospital-Management-System\\node_modules\\next\\dist\\server\\next.js',
    'C:\\Users\\User\\Desktop\\Hospital-Management-System\\node_modules\\next\\dist\\server\\lib\\start-server.js',
    'C:\\Users\\User\\Desktop\\Hospital-Management-System\\node_modules\\next\\dist\\cli\\next-start.js'
  ]
}
 ⨯ Error: Cannot find module 'C:\Users\User\Desktop\Hospital-Management-System\.next\server\pages\_error.js'
Require stack:
- C:\Users\User\Desktop\Hospital-Management-System\node_modules\next\dist\server\require.js
- C:\Users\User\Desktop\Hospital-Management-System\node_modules\next\dist\server\next-server.js
- C:\Users\User\Desktop\Hospital-Management-System\node_modules\next\dist\server\next.js
- C:\Users\User\Desktop\Hospital-Management-System\node_modules\next\dist\server\lib\start-server.js
- C:\Users\User\Desktop\Hospital-Management-System\node_modules\next\dist\cli\next-start.js
    at Module.<anonymous> (node:internal/modules/cjs/loader:1419:15)
    at C:\Users\User\Desktop\Hospital-Management-System\node_modules\next\dist\server\require-hook.js:55:36
    at defaultResolveImpl (node:internal/modules/cjs/loader:1057:19)
    at resolveForCJSWithHooks (node:internal/modules/cjs/loader:1062:22)
    at Module._load (node:internal/modules/cjs/loader:1225:37)
    at TracingChannel.traceSync (node:diagnostics_channel:328:14)
    at wrapModuleLoad (node:internal/modules/cjs/loader:244:24)
    at Module.<anonymous> (node:internal/modules/cjs/loader:1502:12)
    at mod.require (C:\Users\User\Desktop\Hospital-Management-System\node_modules\next\dist\server\require-hook.js:65:28)
    at require (node:internal/modules/helpers:152:16) {
  code: 'MODULE_NOT_FOUND',
  requireStack: [
    'C:\\Users\\User\\Desktop\\Hospital-Management-System\\node_modules\\next\\dist\\server\\require.js',
    'C:\\Users\\User\\Desktop\\Hospital-Management-System\\node_modules\\next\\dist\\server\\next-server.js',
    'C:\\Users\\User\\Desktop\\Hospital-Management-System\\node_modules\\next\\dist\\server\\next.js',
    'C:\\Users\\User\\Desktop\\Hospital-Management-System\\node_modules\\next\\dist\\server\\lib\\start-server.js',
    'C:\\Users\\User\\Desktop\\Hospital-Management-System\\node_modules\\next\\dist\\cli\\next-start.js'
  ]
}
 ⨯ Error: Cannot find module 'C:\Users\User\Desktop\Hospital-Management-System\.next\server\app\patient\book\page.js'
Require stack:
- C:\Users\User\Desktop\Hospital-Management-System\node_modules\next\dist\server\require.js
- C:\Users\User\Desktop\Hospital-Management-System\node_modules\next\dist\server\next-server.js
- C:\Users\User\Desktop\Hospital-Management-System\node_modules\next\dist\server\next.js
- C:\Users\User\Desktop\Hospital-Management-System\node_modules\next\dist\server\lib\start-server.js
- C:\Users\User\Desktop\Hospital-Management-System\node_modules\next\dist\cli\next-start.js
    at Module.<anonymous> (node:internal/modules/cjs/loader:1419:15)
    at C:\Users\User\Desktop\Hospital-Management-System\node_modules\next\dist\server\require-hook.js:55:36
    at defaultResolveImpl (node:internal/modules/cjs/loader:1057:19)
    at resolveForCJSWithHooks (node:internal/modules/cjs/loader:1062:22)
    at Module._load (node:internal/modules/cjs/loader:1225:37)
    at TracingChannel.traceSync (node:diagnostics_channel:328:14)
    at wrapModuleLoad (node:internal/modules/cjs/loader:244:24)
    at Module.<anonymous> (node:internal/modules/cjs/loader:1502:12)
    at mod.require (C:\Users\User\Desktop\Hospital-Management-System\node_modules\next\dist\server\require-hook.js:65:28)
    at require (node:internal/modules/helpers:152:16) {
  code: 'MODULE_NOT_FOUND',
  requireStack: [
    'C:\\Users\\User\\Desktop\\Hospital-Management-System\\node_modules\\next\\dist\\server\\require.js',
    'C:\\Users\\User\\Desktop\\Hospital-Management-System\\node_modules\\next\\dist\\server\\next-server.js',
    'C:\\Users\\User\\Desktop\\Hospital-Management-System\\node_modules\\next\\dist\\server\\next.js',
    'C:\\Users\\User\\Desktop\\Hospital-Management-System\\node_modules\\next\\dist\\server\\lib\\start-server.js',
    'C:\\Users\\User\\Desktop\\Hospital-Management-System\\node_modules\\next\\dist\\cli\\next-start.js'
  ]
}
 ⨯ Error: Cannot find module 'C:\Users\User\Desktop\Hospital-Management-System\.next\server\pages\_error.js'
Require stack:
- C:\Users\User\Desktop\Hospital-Management-System\node_modules\next\dist\server\require.js
- C:\Users\User\Desktop\Hospital-Management-System\node_modules\next\dist\server\next-server.js
- C:\Users\User\Desktop\Hospital-Management-System\node_modules\next\dist\server\next.js
- C:\Users\User\Desktop\Hospital-Management-System\node_modules\next\dist\server\lib\start-server.js
- C:\Users\User\Desktop\Hospital-Management-System\node_modules\next\dist\cli\next-start.js
    at Module.<anonymous> (node:internal/modules/cjs/loader:1419:15)
    at C:\Users\User\Desktop\Hospital-Management-System\node_modules\next\dist\server\require-hook.js:55:36
    at defaultResolveImpl (node:internal/modules/cjs/loader:1057:19)
    at resolveForCJSWithHooks (node:internal/modules/cjs/loader:1062:22)
    at Module._load (node:internal/modules/cjs/loader:1225:37)
    at TracingChannel.traceSync (node:diagnostics_channel:328:14)
    at wrapModuleLoad (node:internal/modules/cjs/loader:244:24)
    at Module.<anonymous> (node:internal/modules/cjs/loader:1502:12)
    at mod.require (C:\Users\User\Desktop\Hospital-Management-System\node_modules\next\dist\server\require-hook.js:65:28)
    at require (node:internal/modules/helpers:152:16) {
  code: 'MODULE_NOT_FOUND',
  requireStack: [
    'C:\\Users\\User\\Desktop\\Hospital-Management-System\\node_modules\\next\\dist\\server\\require.js',
    'C:\\Users\\User\\Desktop\\Hospital-Management-System\\node_modules\\next\\dist\\server\\next-server.js',
    'C:\\Users\\User\\Desktop\\Hospital-Management-System\\node_modules\\next\\dist\\server\\next.js',
    'C:\\Users\\User\\Desktop\\Hospital-Management-System\\node_modules\\next\\dist\\server\\lib\\start-server.js',
    'C:\\Users\\User\\Desktop\\Hospital-Management-System\\node_modules\\next\\dist\\cli\\next-start.js'
  ]
}
 ⨯ Error: Cannot find module 'C:\Users\User\Desktop\Hospital-Management-System\.next\server\app\patient\doctors\page.js'
Require stack:
- C:\Users\User\Desktop\Hospital-Management-System\node_modules\next\dist\server\require.js
- C:\Users\User\Desktop\Hospital-Management-System\node_modules\next\dist\server\next-server.js
- C:\Users\User\Desktop\Hospital-Management-System\node_modules\next\dist\server\next.js
- C:\Users\User\Desktop\Hospital-Management-System\node_modules\next\dist\server\lib\start-server.js
- C:\Users\User\Desktop\Hospital-Management-System\node_modules\next\dist\cli\next-start.js
    at Module.<anonymous> (node:internal/modules/cjs/loader:1419:15)
    at C:\Users\User\Desktop\Hospital-Management-System\node_modules\next\dist\server\require-hook.js:55:36
    at defaultResolveImpl (node:internal/modules/cjs/loader:1057:19)
    at resolveForCJSWithHooks (node:internal/modules/cjs/loader:1062:22)
    at Module._load (node:internal/modules/cjs/loader:1225:37)
    at TracingChannel.traceSync (node:diagnostics_channel:328:14)
    at wrapModuleLoad (node:internal/modules/cjs/loader:244:24)
    at Module.<anonymous> (node:internal/modules/cjs/loader:1502:12)
    at mod.require (C:\Users\User\Desktop\Hospital-Management-System\node_modules\next\dist\server\require-hook.js:65:28)
    at require (node:internal/modules/helpers:152:16) {
  code: 'MODULE_NOT_FOUND',
  requireStack: [
    'C:\\Users\\User\\Desktop\\Hospital-Management-System\\node_modules\\next\\dist\\server\\require.js',
    'C:\\Users\\User\\Desktop\\Hospital-Management-System\\node_modules\\next\\dist\\server\\next-server.js',
    'C:\\Users\\User\\Desktop\\Hospital-Management-System\\node_modules\\next\\dist\\server\\next.js',
    'C:\\Users\\User\\Desktop\\Hospital-Management-System\\node_modules\\next\\dist\\server\\lib\\start-server.js',
    'C:\\Users\\User\\Desktop\\Hospital-Management-System\\node_modules\\next\\dist\\cli\\next-start.js'
  ]
}
 ⨯ Error: Cannot find module 'C:\Users\User\Desktop\Hospital-Management-System\.next\server\pages\_error.js'
Require stack:
- C:\Users\User\Desktop\Hospital-Management-System\node_modules\next\dist\server\require.js
- C:\Users\User\Desktop\Hospital-Management-System\node_modules\next\dist\server\next-server.js
- C:\Users\User\Desktop\Hospital-Management-System\node_modules\next\dist\server\next.js
- C:\Users\User\Desktop\Hospital-Management-System\node_modules\next\dist\server\lib\start-server.js
- C:\Users\User\Desktop\Hospital-Management-System\node_modules\next\dist\cli\next-start.js
    at Module.<anonymous> (node:internal/modules/cjs/loader:1419:15)
    at C:\Users\User\Desktop\Hospital-Management-System\node_modules\next\dist\server\require-hook.js:55:36
    at defaultResolveImpl (node:internal/modules/cjs/loader:1057:19)
    at resolveForCJSWithHooks (node:internal/modules/cjs/loader:1062:22)
    at Module._load (node:internal/modules/cjs/loader:1225:37)
    at TracingChannel.traceSync (node:diagnostics_channel:328:14)
    at wrapModuleLoad (node:internal/modules/cjs/loader:244:24)
    at Module.<anonymous> (node:internal/modules/cjs/loader:1502:12)
    at mod.require (C:\Users\User\Desktop\Hospital-Management-System\node_modules\next\dist\server\require-hook.js:65:28)
    at require (node:internal/modules/helpers:152:16) {
  code: 'MODULE_NOT_FOUND',
  requireStack: [
    'C:\\Users\\User\\Desktop\\Hospital-Management-System\\node_modules\\next\\dist\\server\\require.js',
    'C:\\Users\\User\\Desktop\\Hospital-Management-System\\node_modules\\next\\dist\\server\\next-server.js',
    'C:\\Users\\User\\Desktop\\Hospital-Management-System\\node_modules\\next\\dist\\server\\next.js',
    'C:\\Users\\User\\Desktop\\Hospital-Management-System\\node_modules\\next\\dist\\server\\lib\\start-server.js',
    'C:\\Users\\User\\Desktop\\Hospital-Management-System\\node_modules\\next\\dist\\cli\\next-start.js'
  ]
}
 ⨯ Error: Cannot find module 'C:\Users\User\Desktop\Hospital-Management-System\.next\server\app\patient\profile\page.js'
Require stack:
- C:\Users\User\Desktop\Hospital-Management-System\node_modules\next\dist\server\require.js
- C:\Users\User\Desktop\Hospital-Management-System\node_modules\next\dist\server\next-server.js
- C:\Users\User\Desktop\Hospital-Management-System\node_modules\next\dist\server\next.js
- C:\Users\User\Desktop\Hospital-Management-System\node_modules\next\dist\server\lib\start-server.js
- C:\Users\User\Desktop\Hospital-Management-System\node_modules\next\dist\cli\next-start.js
    at Module.<anonymous> (node:internal/modules/cjs/loader:1419:15)
    at C:\Users\User\Desktop\Hospital-Management-System\node_modules\next\dist\server\require-hook.js:55:36
    at defaultResolveImpl (node:internal/modules/cjs/loader:1057:19)
    at resolveForCJSWithHooks (node:internal/modules/cjs/loader:1062:22)
    at Module._load (node:internal/modules/cjs/loader:1225:37)
    at TracingChannel.traceSync (node:diagnostics_channel:328:14)
    at wrapModuleLoad (node:internal/modules/cjs/loader:244:24)
    at Module.<anonymous> (node:internal/modules/cjs/loader:1502:12)
    at mod.require (C:\Users\User\Desktop\Hospital-Management-System\node_modules\next\dist\server\require-hook.js:65:28)
    at require (node:internal/modules/helpers:152:16) {
  code: 'MODULE_NOT_FOUND',
  requireStack: [
    'C:\\Users\\User\\Desktop\\Hospital-Management-System\\node_modules\\next\\dist\\server\\require.js',
    'C:\\Users\\User\\Desktop\\Hospital-Management-System\\node_modules\\next\\dist\\server\\next-server.js',
    'C:\\Users\\User\\Desktop\\Hospital-Management-System\\node_modules\\next\\dist\\server\\next.js',
    'C:\\Users\\User\\Desktop\\Hospital-Management-System\\node_modules\\next\\dist\\server\\lib\\start-server.js',
    'C:\\Users\\User\\Desktop\\Hospital-Management-System\\node_modules\\next\\dist\\cli\\next-start.js'
  ]
}
 ⨯ Error: Cannot find module 'C:\Users\User\Desktop\Hospital-Management-System\.next\server\pages\_error.js'
Require stack:
- C:\Users\User\Desktop\Hospital-Management-System\node_modules\next\dist\server\require.js
- C:\Users\User\Desktop\Hospital-Management-System\node_modules\next\dist\server\next-server.js
- C:\Users\User\Desktop\Hospital-Management-System\node_modules\next\dist\server\next.js
- C:\Users\User\Desktop\Hospital-Management-System\node_modules\next\dist\server\lib\start-server.js
- C:\Users\User\Desktop\Hospital-Management-System\node_modules\next\dist\cli\next-start.js
    at Module.<anonymous> (node:internal/modules/cjs/loader:1419:15)
    at C:\Users\User\Desktop\Hospital-Management-System\node_modules\next\dist\server\require-hook.js:55:36
    at defaultResolveImpl (node:internal/modules/cjs/loader:1057:19)
    at resolveForCJSWithHooks (node:internal/modules/cjs/loader:1062:22)
    at Module._load (node:internal/modules/cjs/loader:1225:37)
    at TracingChannel.traceSync (node:diagnostics_channel:328:14)
    at wrapModuleLoad (node:internal/modules/cjs/loader:244:24)
    at Module.<anonymous> (node:internal/modules/cjs/loader:1502:12)
    at mod.require (C:\Users\User\Desktop\Hospital-Management-System\node_modules\next\dist\server\require-hook.js:65:28)
    at require (node:internal/modules/helpers:152:16) {
  code: 'MODULE_NOT_FOUND',
  requireStack: [
    'C:\\Users\\User\\Desktop\\Hospital-Management-System\\node_modules\\next\\dist\\server\\require.js',
    'C:\\Users\\User\\Desktop\\Hospital-Management-System\\node_modules\\next\\dist\\server\\next-server.js',
    'C:\\Users\\User\\Desktop\\Hospital-Management-System\\node_modules\\next\\dist\\server\\next.js',
    'C:\\Users\\User\\Desktop\\Hospital-Management-System\\node_modules\\next\\dist\\server\\lib\\start-server.js',
    'C:\\Users\\User\\Desktop\\Hospital-Management-System\\node_modules\\next\\dist\\cli\\next-start.js'
  ]
}
 ⨯ Error: Cannot find module 'C:\Users\User\Desktop\Hospital-Management-System\.next\server\app\patient\records\page.js'
Require stack:
- C:\Users\User\Desktop\Hospital-Management-System\node_modules\next\dist\server\require.js
- C:\Users\User\Desktop\Hospital-Management-System\node_modules\next\dist\server\next-server.js
- C:\Users\User\Desktop\Hospital-Management-System\node_modules\next\dist\server\next.js
- C:\Users\User\Desktop\Hospital-Management-System\node_modules\next\dist\server\lib\start-server.js
- C:\Users\User\Desktop\Hospital-Management-System\node_modules\next\dist\cli\next-start.js
    at Module.<anonymous> (node:internal/modules/cjs/loader:1419:15)
    at C:\Users\User\Desktop\Hospital-Management-System\node_modules\next\dist\server\require-hook.js:55:36
    at defaultResolveImpl (node:internal/modules/cjs/loader:1057:19)
    at resolveForCJSWithHooks (node:internal/modules/cjs/loader:1062:22)
    at Module._load (node:internal/modules/cjs/loader:1225:37)
    at TracingChannel.traceSync (node:diagnostics_channel:328:14)
    at wrapModuleLoad (node:internal/modules/cjs/loader:244:24)
    at Module.<anonymous> (node:internal/modules/cjs/loader:1502:12)
    at mod.require (C:\Users\User\Desktop\Hospital-Management-System\node_modules\next\dist\server\require-hook.js:65:28)
    at require (node:internal/modules/helpers:152:16) {
  code: 'MODULE_NOT_FOUND',
  requireStack: [
    'C:\\Users\\User\\Desktop\\Hospital-Management-System\\node_modules\\next\\dist\\server\\require.js',
    'C:\\Users\\User\\Desktop\\Hospital-Management-System\\node_modules\\next\\dist\\server\\next-server.js',
    'C:\\Users\\User\\Desktop\\Hospital-Management-System\\node_modules\\next\\dist\\server\\next.js',
    'C:\\Users\\User\\Desktop\\Hospital-Management-System\\node_modules\\next\\dist\\server\\lib\\start-server.js',
    'C:\\Users\\User\\Desktop\\Hospital-Management-System\\node_modules\\next\\dist\\cli\\next-start.js'
  ]
}
 ⨯ Error: Cannot find module 'C:\Users\User\Desktop\Hospital-Management-System\.next\server\pages\_error.js'
Require stack:
- C:\Users\User\Desktop\Hospital-Management-System\node_modules\next\dist\server\require.js
- C:\Users\User\Desktop\Hospital-Management-System\node_modules\next\dist\server\next-server.js
- C:\Users\User\Desktop\Hospital-Management-System\node_modules\next\dist\server\next.js
- C:\Users\User\Desktop\Hospital-Management-System\node_modules\next\dist\server\lib\start-server.js
- C:\Users\User\Desktop\Hospital-Management-System\node_modules\next\dist\cli\next-start.js
    at Module.<anonymous> (node:internal/modules/cjs/loader:1419:15)
    at C:\Users\User\Desktop\Hospital-Management-System\node_modules\next\dist\server\require-hook.js:55:36
    at defaultResolveImpl (node:internal/modules/cjs/loader:1057:19)
    at resolveForCJSWithHooks (node:internal/modules/cjs/loader:1062:22)
    at Module._load (node:internal/modules/cjs/loader:1225:37)
    at TracingChannel.traceSync (node:diagnostics_channel:328:14)
    at wrapModuleLoad (node:internal/modules/cjs/loader:244:24)
    at Module.<anonymous> (node:internal/modules/cjs/loader:1502:12)
    at mod.require (C:\Users\User\Desktop\Hospital-Management-System\node_modules\next\dist\server\require-hook.js:65:28)
    at require (node:internal/modules/helpers:152:16) {
  code: 'MODULE_NOT_FOUND',
  requireStack: [
    'C:\\Users\\User\\Desktop\\Hospital-Management-System\\node_modules\\next\\dist\\server\\require.js',
    'C:\\Users\\User\\Desktop\\Hospital-Management-System\\node_modules\\next\\dist\\server\\next-server.js',
    'C:\\Users\\User\\Desktop\\Hospital-Management-System\\node_modules\\next\\dist\\server\\next.js',
    'C:\\Users\\User\\Desktop\\Hospital-Management-System\\node_modules\\next\\dist\\server\\lib\\start-server.js',
    'C:\\Users\\User\\Desktop\\Hospital-Management-System\\node_modules\\next\\dist\\cli\\next-start.js'
  ]
}
 ⨯ Error: Cannot find module 'C:\Users\User\Desktop\Hospital-Management-System\.next\server\app\api\auth\me\route.js'
Require stack:
- C:\Users\User\Desktop\Hospital-Management-System\node_modules\next\dist\server\require.js
- C:\Users\User\Desktop\Hospital-Management-System\node_modules\next\dist\server\next-server.js
- C:\Users\User\Desktop\Hospital-Management-System\node_modules\next\dist\server\next.js
- C:\Users\User\Desktop\Hospital-Management-System\node_modules\next\dist\server\lib\start-server.js
- C:\Users\User\Desktop\Hospital-Management-System\node_modules\next\dist\cli\next-start.js
    at Module.<anonymous> (node:internal/modules/cjs/loader:1419:15)
    at C:\Users\User\Desktop\Hospital-Management-System\node_modules\next\dist\server\require-hook.js:55:36
    at defaultResolveImpl (node:internal/modules/cjs/loader:1057:19)
    at resolveForCJSWithHooks (node:internal/modules/cjs/loader:1062:22)
    at Module._load (node:internal/modules/cjs/loader:1225:37)
    at TracingChannel.traceSync (node:diagnostics_channel:328:14)
    at wrapModuleLoad (node:internal/modules/cjs/loader:244:24)
    at Module.<anonymous> (node:internal/modules/cjs/loader:1502:12)
    at mod.require (C:\Users\User\Desktop\Hospital-Management-System\node_modules\next\dist\server\require-hook.js:65:28)
    at require (node:internal/modules/helpers:152:16) {
  code: 'MODULE_NOT_FOUND',
  requireStack: [
    'C:\\Users\\User\\Desktop\\Hospital-Management-System\\node_modules\\next\\dist\\server\\require.js',
    'C:\\Users\\User\\Desktop\\Hospital-Management-System\\node_modules\\next\\dist\\server\\next-server.js',
    'C:\\Users\\User\\Desktop\\Hospital-Management-System\\node_modules\\next\\dist\\server\\next.js',
    'C:\\Users\\User\\Desktop\\Hospital-Management-System\\node_modules\\next\\dist\\server\\lib\\start-server.js',
    'C:\\Users\\User\\Desktop\\Hospital-Management-System\\node_modules\\next\\dist\\cli\\next-start.js'
  ]
}
 ⨯ Error: Cannot find module 'C:\Users\User\Desktop\Hospital-Management-System\.next\server\pages\_error.js'
Require stack:
- C:\Users\User\Desktop\Hospital-Management-System\node_modules\next\dist\server\require.js
- C:\Users\User\Desktop\Hospital-Management-System\node_modules\next\dist\server\next-server.js
- C:\Users\User\Desktop\Hospital-Management-System\node_modules\next\dist\server\next.js
- C:\Users\User\Desktop\Hospital-Management-System\node_modules\next\dist\server\lib\start-server.js
- C:\Users\User\Desktop\Hospital-Management-System\node_modules\next\dist\cli\next-start.js
    at Module.<anonymous> (node:internal/modules/cjs/loader:1419:15)
    at C:\Users\User\Desktop\Hospital-Management-System\node_modules\next\dist\server\require-hook.js:55:36
    at defaultResolveImpl (node:internal/modules/cjs/loader:1057:19)
    at resolveForCJSWithHooks (node:internal/modules/cjs/loader:1062:22)
    at Module._load (node:internal/modules/cjs/loader:1225:37)
    at TracingChannel.traceSync (node:diagnostics_channel:328:14)
    at wrapModuleLoad (node:internal/modules/cjs/loader:244:24)
    at Module.<anonymous> (node:internal/modules/cjs/loader:1502:12)
    at mod.require (C:\Users\User\Desktop\Hospital-Management-System\node_modules\next\dist\server\require-hook.js:65:28)
    at require (node:internal/modules/helpers:152:16) {
  code: 'MODULE_NOT_FOUND',
  requireStack: [
    'C:\\Users\\User\\Desktop\\Hospital-Management-System\\node_modules\\next\\dist\\server\\require.js',
    'C:\\Users\\User\\Desktop\\Hospital-Management-System\\node_modules\\next\\dist\\server\\next-server.js',
    'C:\\Users\\User\\Desktop\\Hospital-Management-System\\node_modules\\next\\dist\\server\\next.js',
    'C:\\Users\\User\\Desktop\\Hospital-Management-System\\node_modules\\next\\dist\\server\\lib\\start-server.js',
    'C:\\Users\\User\\Desktop\\Hospital-Management-System\\node_modules\\next\\dist\\cli\\next-start.js'
  ]
}
 ⨯ Error: Cannot find module 'C:\Users\User\Desktop\Hospital-Management-System\.next\server\app\api\auth\login\route.js'
Require stack:
- C:\Users\User\Desktop\Hospital-Management-System\node_modules\next\dist\server\require.js
- C:\Users\User\Desktop\Hospital-Management-System\node_modules\next\dist\server\next-server.js
- C:\Users\User\Desktop\Hospital-Management-System\node_modules\next\dist\server\next.js
- C:\Users\User\Desktop\Hospital-Management-System\node_modules\next\dist\server\lib\start-server.js
- C:\Users\User\Desktop\Hospital-Management-System\node_modules\next\dist\cli\next-start.js
    at Module.<anonymous> (node:internal/modules/cjs/loader:1419:15)
    at C:\Users\User\Desktop\Hospital-Management-System\node_modules\next\dist\server\require-hook.js:55:36
    at defaultResolveImpl (node:internal/modules/cjs/loader:1057:19)
    at resolveForCJSWithHooks (node:internal/modules/cjs/loader:1062:22)
    at Module._load (node:internal/modules/cjs/loader:1225:37)
    at TracingChannel.traceSync (node:diagnostics_channel:328:14)
    at wrapModuleLoad (node:internal/modules/cjs/loader:244:24)
    at Module.<anonymous> (node:internal/modules/cjs/loader:1502:12)
    at mod.require (C:\Users\User\Desktop\Hospital-Management-System\node_modules\next\dist\server\require-hook.js:65:28)
    at require (node:internal/modules/helpers:152:16) {
  code: 'MODULE_NOT_FOUND',
  requireStack: [
    'C:\\Users\\User\\Desktop\\Hospital-Management-System\\node_modules\\next\\dist\\server\\require.js',
    'C:\\Users\\User\\Desktop\\Hospital-Management-System\\node_modules\\next\\dist\\server\\next-server.js',
    'C:\\Users\\User\\Desktop\\Hospital-Management-System\\node_modules\\next\\dist\\server\\next.js',
    'C:\\Users\\User\\Desktop\\Hospital-Management-System\\node_modules\\next\\dist\\server\\lib\\start-server.js',
    'C:\\Users\\User\\Desktop\\Hospital-Management-System\\node_modules\\next\\dist\\cli\\next-start.js'
  ]
}
 ⨯ Error: Cannot find module 'C:\Users\User\Desktop\Hospital-Management-System\.next\server\pages\_error.js'
Require stack:
- C:\Users\User\Desktop\Hospital-Management-System\node_modules\next\dist\server\require.js
- C:\Users\User\Desktop\Hospital-Management-System\node_modules\next\dist\server\next-server.js
- C:\Users\User\Desktop\Hospital-Management-System\node_modules\next\dist\server\next.js
- C:\Users\User\Desktop\Hospital-Management-System\node_modules\next\dist\server\lib\start-server.js
- C:\Users\User\Desktop\Hospital-Management-System\node_modules\next\dist\cli\next-start.js
    at Module.<anonymous> (node:internal/modules/cjs/loader:1419:15)
    at C:\Users\User\Desktop\Hospital-Management-System\node_modules\next\dist\server\require-hook.js:55:36
    at defaultResolveImpl (node:internal/modules/cjs/loader:1057:19)
    at resolveForCJSWithHooks (node:internal/modules/cjs/loader:1062:22)
    at Module._load (node:internal/modules/cjs/loader:1225:37)
    at TracingChannel.traceSync (node:diagnostics_channel:328:14)
    at wrapModuleLoad (node:internal/modules/cjs/loader:244:24)
    at Module.<anonymous> (node:internal/modules/cjs/loader:1502:12)
    at mod.require (C:\Users\User\Desktop\Hospital-Management-System\node_modules\next\dist\server\require-hook.js:65:28)
    at require (node:internal/modules/helpers:152:16) {
  code: 'MODULE_NOT_FOUND',
  requireStack: [
    'C:\\Users\\User\\Desktop\\Hospital-Management-System\\node_modules\\next\\dist\\server\\require.js',
    'C:\\Users\\User\\Desktop\\Hospital-Management-System\\node_modules\\next\\dist\\server\\next-server.js',
    'C:\\Users\\User\\Desktop\\Hospital-Management-System\\node_modules\\next\\dist\\server\\next.js',
    'C:\\Users\\User\\Desktop\\Hospital-Management-System\\node_modules\\next\\dist\\server\\lib\\start-server.js',
    'C:\\Users\\User\\Desktop\\Hospital-Management-System\\node_modules\\next\\dist\\cli\\next-start.js'
  ]
}
 ⨯ Error: Cannot find module 'C:\Users\User\Desktop\Hospital-Management-System\.next\server\app\api\auth\register\route.js'
Require stack:
- C:\Users\User\Desktop\Hospital-Management-System\node_modules\next\dist\server\require.js
- C:\Users\User\Desktop\Hospital-Management-System\node_modules\next\dist\server\next-server.js
- C:\Users\User\Desktop\Hospital-Management-System\node_modules\next\dist\server\next.js
- C:\Users\User\Desktop\Hospital-Management-System\node_modules\next\dist\server\lib\start-server.js
- C:\Users\User\Desktop\Hospital-Management-System\node_modules\next\dist\cli\next-start.js
    at Module.<anonymous> (node:internal/modules/cjs/loader:1419:15)
    at C:\Users\User\Desktop\Hospital-Management-System\node_modules\next\dist\server\require-hook.js:55:36
    at defaultResolveImpl (node:internal/modules/cjs/loader:1057:19)
    at resolveForCJSWithHooks (node:internal/modules/cjs/loader:1062:22)
    at Module._load (node:internal/modules/cjs/loader:1225:37)
    at TracingChannel.traceSync (node:diagnostics_channel:328:14)
    at wrapModuleLoad (node:internal/modules/cjs/loader:244:24)
    at Module.<anonymous> (node:internal/modules/cjs/loader:1502:12)
    at mod.require (C:\Users\User\Desktop\Hospital-Management-System\node_modules\next\dist\server\require-hook.js:65:28)
    at require (node:internal/modules/helpers:152:16) {
  code: 'MODULE_NOT_FOUND',
  requireStack: [
    'C:\\Users\\User\\Desktop\\Hospital-Management-System\\node_modules\\next\\dist\\server\\require.js',
    'C:\\Users\\User\\Desktop\\Hospital-Management-System\\node_modules\\next\\dist\\server\\next-server.js',
    'C:\\Users\\User\\Desktop\\Hospital-Management-System\\node_modules\\next\\dist\\server\\next.js',
    'C:\\Users\\User\\Desktop\\Hospital-Management-System\\node_modules\\next\\dist\\server\\lib\\start-server.js',
    'C:\\Users\\User\\Desktop\\Hospital-Management-System\\node_modules\\next\\dist\\cli\\next-start.js'
  ]
}
 ⨯ Error: Cannot find module 'C:\Users\User\Desktop\Hospital-Management-System\.next\server\pages\_error.js'
Require stack:
- C:\Users\User\Desktop\Hospital-Management-System\node_modules\next\dist\server\require.js
- C:\Users\User\Desktop\Hospital-Management-System\node_modules\next\dist\server\next-server.js
- C:\Users\User\Desktop\Hospital-Management-System\node_modules\next\dist\server\next.js
- C:\Users\User\Desktop\Hospital-Management-System\node_modules\next\dist\server\lib\start-server.js
- C:\Users\User\Desktop\Hospital-Management-System\node_modules\next\dist\cli\next-start.js
    at Module.<anonymous> (node:internal/modules/cjs/loader:1419:15)
    at C:\Users\User\Desktop\Hospital-Management-System\node_modules\next\dist\server\require-hook.js:55:36
    at defaultResolveImpl (node:internal/modules/cjs/loader:1057:19)
    at resolveForCJSWithHooks (node:internal/modules/cjs/loader:1062:22)
    at Module._load (node:internal/modules/cjs/loader:1225:37)
    at TracingChannel.traceSync (node:diagnostics_channel:328:14)
    at wrapModuleLoad (node:internal/modules/cjs/loader:244:24)
    at Module.<anonymous> (node:internal/modules/cjs/loader:1502:12)
    at mod.require (C:\Users\User\Desktop\Hospital-Management-System\node_modules\next\dist\server\require-hook.js:65:28)
    at require (node:internal/modules/helpers:152:16) {
  code: 'MODULE_NOT_FOUND',
  requireStack: [
    'C:\\Users\\User\\Desktop\\Hospital-Management-System\\node_modules\\next\\dist\\server\\require.js',
    'C:\\Users\\User\\Desktop\\Hospital-Management-System\\node_modules\\next\\dist\\server\\next-server.js',
    'C:\\Users\\User\\Desktop\\Hospital-Management-System\\node_modules\\next\\dist\\server\\next.js',
    'C:\\Users\\User\\Desktop\\Hospital-Management-System\\node_modules\\next\\dist\\server\\lib\\start-server.js',
    'C:\\Users\\User\\Desktop\\Hospital-Management-System\\node_modules\\next\\dist\\cli\\next-start.js'
  ]
}
 ⨯ Error: Cannot find module 'C:\Users\User\Desktop\Hospital-Management-System\.next\server\app\api\auth\logout\route.js'
Require stack:
- C:\Users\User\Desktop\Hospital-Management-System\node_modules\next\dist\server\require.js
- C:\Users\User\Desktop\Hospital-Management-System\node_modules\next\dist\server\next-server.js
- C:\Users\User\Desktop\Hospital-Management-System\node_modules\next\dist\server\next.js
- C:\Users\User\Desktop\Hospital-Management-System\node_modules\next\dist\server\lib\start-server.js
- C:\Users\User\Desktop\Hospital-Management-System\node_modules\next\dist\cli\next-start.js
    at Module.<anonymous> (node:internal/modules/cjs/loader:1419:15)
    at C:\Users\User\Desktop\Hospital-Management-System\node_modules\next\dist\server\require-hook.js:55:36
    at defaultResolveImpl (node:internal/modules/cjs/loader:1057:19)
    at resolveForCJSWithHooks (node:internal/modules/cjs/loader:1062:22)
    at Module._load (node:internal/modules/cjs/loader:1225:37)
    at TracingChannel.traceSync (node:diagnostics_channel:328:14)
    at wrapModuleLoad (node:internal/modules/cjs/loader:244:24)
    at Module.<anonymous> (node:internal/modules/cjs/loader:1502:12)
    at mod.require (C:\Users\User\Desktop\Hospital-Management-System\node_modules\next\dist\server\require-hook.js:65:28)
    at require (node:internal/modules/helpers:152:16) {
  code: 'MODULE_NOT_FOUND',
  requireStack: [
    'C:\\Users\\User\\Desktop\\Hospital-Management-System\\node_modules\\next\\dist\\server\\require.js',
    'C:\\Users\\User\\Desktop\\Hospital-Management-System\\node_modules\\next\\dist\\server\\next-server.js',
    'C:\\Users\\User\\Desktop\\Hospital-Management-System\\node_modules\\next\\dist\\server\\next.js',
    'C:\\Users\\User\\Desktop\\Hospital-Management-System\\node_modules\\next\\dist\\server\\lib\\start-server.js',
    'C:\\Users\\User\\Desktop\\Hospital-Management-System\\node_modules\\next\\dist\\cli\\next-start.js'
  ]
}
 ⨯ Error: Cannot find module 'C:\Users\User\Desktop\Hospital-Management-System\.next\server\pages\_error.js'
Require stack:
- C:\Users\User\Desktop\Hospital-Management-System\node_modules\next\dist\server\require.js
- C:\Users\User\Desktop\Hospital-Management-System\node_modules\next\dist\server\next-server.js
- C:\Users\User\Desktop\Hospital-Management-System\node_modules\next\dist\server\next.js
- C:\Users\User\Desktop\Hospital-Management-System\node_modules\next\dist\server\lib\start-server.js
- C:\Users\User\Desktop\Hospital-Management-System\node_modules\next\dist\cli\next-start.js
    at Module.<anonymous> (node:internal/modules/cjs/loader:1419:15)
    at C:\Users\User\Desktop\Hospital-Management-System\node_modules\next\dist\server\require-hook.js:55:36
    at defaultResolveImpl (node:internal/modules/cjs/loader:1057:19)
    at resolveForCJSWithHooks (node:internal/modules/cjs/loader:1062:22)
    at Module._load (node:internal/modules/cjs/loader:1225:37)
    at TracingChannel.traceSync (node:diagnostics_channel:328:14)
    at wrapModuleLoad (node:internal/modules/cjs/loader:244:24)
    at Module.<anonymous> (node:internal/modules/cjs/loader:1502:12)
    at mod.require (C:\Users\User\Desktop\Hospital-Management-System\node_modules\next\dist\server\require-hook.js:65:28)
    at require (node:internal/modules/helpers:152:16) {
  code: 'MODULE_NOT_FOUND',
  requireStack: [
    'C:\\Users\\User\\Desktop\\Hospital-Management-System\\node_modules\\next\\dist\\server\\require.js',
    'C:\\Users\\User\\Desktop\\Hospital-Management-System\\node_modules\\next\\dist\\server\\next-server.js',
    'C:\\Users\\User\\Desktop\\Hospital-Management-System\\node_modules\\next\\dist\\server\\next.js',
    'C:\\Users\\User\\Desktop\\Hospital-Management-System\\node_modules\\next\\dist\\server\\lib\\start-server.js',
    'C:\\Users\\User\\Desktop\\Hospital-Management-System\\node_modules\\next\\dist\\cli\\next-start.js'
  ]
}
 ⨯ Error: Cannot find module 'C:\Users\User\Desktop\Hospital-Management-System\.next\server\app\api\appointments\route.js'
Require stack:
- C:\Users\User\Desktop\Hospital-Management-System\node_modules\next\dist\server\require.js
- C:\Users\User\Desktop\Hospital-Management-System\node_modules\next\dist\server\next-server.js
- C:\Users\User\Desktop\Hospital-Management-System\node_modules\next\dist\server\next.js
- C:\Users\User\Desktop\Hospital-Management-System\node_modules\next\dist\server\lib\start-server.js
- C:\Users\User\Desktop\Hospital-Management-System\node_modules\next\dist\cli\next-start.js
    at Module.<anonymous> (node:internal/modules/cjs/loader:1419:15)
    at C:\Users\User\Desktop\Hospital-Management-System\node_modules\next\dist\server\require-hook.js:55:36
    at defaultResolveImpl (node:internal/modules/cjs/loader:1057:19)
    at resolveForCJSWithHooks (node:internal/modules/cjs/loader:1062:22)
    at Module._load (node:internal/modules/cjs/loader:1225:37)
    at TracingChannel.traceSync (node:diagnostics_channel:328:14)
    at wrapModuleLoad (node:internal/modules/cjs/loader:244:24)
    at Module.<anonymous> (node:internal/modules/cjs/loader:1502:12)
    at mod.require (C:\Users\User\Desktop\Hospital-Management-System\node_modules\next\dist\server\require-hook.js:65:28)
    at require (node:internal/modules/helpers:152:16) {
  code: 'MODULE_NOT_FOUND',
  requireStack: [
    'C:\\Users\\User\\Desktop\\Hospital-Management-System\\node_modules\\next\\dist\\server\\require.js',
    'C:\\Users\\User\\Desktop\\Hospital-Management-System\\node_modules\\next\\dist\\server\\next-server.js',
    'C:\\Users\\User\\Desktop\\Hospital-Management-System\\node_modules\\next\\dist\\server\\next.js',
    'C:\\Users\\User\\Desktop\\Hospital-Management-System\\node_modules\\next\\dist\\server\\lib\\start-server.js',
    'C:\\Users\\User\\Desktop\\Hospital-Management-System\\node_modules\\next\\dist\\cli\\next-start.js'
  ]
}
 ⨯ Error: Cannot find module 'C:\Users\User\Desktop\Hospital-Management-System\.next\server\pages\_error.js'
Require stack:
- C:\Users\User\Desktop\Hospital-Management-System\node_modules\next\dist\server\require.js
- C:\Users\User\Desktop\Hospital-Management-System\node_modules\next\dist\server\next-server.js
- C:\Users\User\Desktop\Hospital-Management-System\node_modules\next\dist\server\next.js
- C:\Users\User\Desktop\Hospital-Management-System\node_modules\next\dist\server\lib\start-server.js
- C:\Users\User\Desktop\Hospital-Management-System\node_modules\next\dist\cli\next-start.js
    at Module.<anonymous> (node:internal/modules/cjs/loader:1419:15)
    at C:\Users\User\Desktop\Hospital-Management-System\node_modules\next\dist\server\require-hook.js:55:36
    at defaultResolveImpl (node:internal/modules/cjs/loader:1057:19)
    at resolveForCJSWithHooks (node:internal/modules/cjs/loader:1062:22)
    at Module._load (node:internal/modules/cjs/loader:1225:37)
    at TracingChannel.traceSync (node:diagnostics_channel:328:14)
    at wrapModuleLoad (node:internal/modules/cjs/loader:244:24)
    at Module.<anonymous> (node:internal/modules/cjs/loader:1502:12)
    at mod.require (C:\Users\User\Desktop\Hospital-Management-System\node_modules\next\dist\server\require-hook.js:65:28)
    at require (node:internal/modules/helpers:152:16) {
  code: 'MODULE_NOT_FOUND',
  requireStack: [
    'C:\\Users\\User\\Desktop\\Hospital-Management-System\\node_modules\\next\\dist\\server\\require.js',
    'C:\\Users\\User\\Desktop\\Hospital-Management-System\\node_modules\\next\\dist\\server\\next-server.js',
    'C:\\Users\\User\\Desktop\\Hospital-Management-System\\node_modules\\next\\dist\\server\\next.js',
    'C:\\Users\\User\\Desktop\\Hospital-Management-System\\node_modules\\next\\dist\\server\\lib\\start-server.js',
    'C:\\Users\\User\\Desktop\\Hospital-Management-System\\node_modules\\next\\dist\\cli\\next-start.js'
  ]
}
 ⨯ Error: Cannot find module 'C:\Users\User\Desktop\Hospital-Management-System\.next\server\app\api\doctors\route.js'
Require stack:
- C:\Users\User\Desktop\Hospital-Management-System\node_modules\next\dist\server\require.js
- C:\Users\User\Desktop\Hospital-Management-System\node_modules\next\dist\server\next-server.js
- C:\Users\User\Desktop\Hospital-Management-System\node_modules\next\dist\server\next.js
- C:\Users\User\Desktop\Hospital-Management-System\node_modules\next\dist\server\lib\start-server.js
- C:\Users\User\Desktop\Hospital-Management-System\node_modules\next\dist\cli\next-start.js
    at Module.<anonymous> (node:internal/modules/cjs/loader:1419:15)
    at C:\Users\User\Desktop\Hospital-Management-System\node_modules\next\dist\server\require-hook.js:55:36
    at defaultResolveImpl (node:internal/modules/cjs/loader:1057:19)
    at resolveForCJSWithHooks (node:internal/modules/cjs/loader:1062:22)
    at Module._load (node:internal/modules/cjs/loader:1225:37)
    at TracingChannel.traceSync (node:diagnostics_channel:328:14)
    at wrapModuleLoad (node:internal/modules/cjs/loader:244:24)
    at Module.<anonymous> (node:internal/modules/cjs/loader:1502:12)
    at mod.require (C:\Users\User\Desktop\Hospital-Management-System\node_modules\next\dist\server\require-hook.js:65:28)
    at require (node:internal/modules/helpers:152:16) {
  code: 'MODULE_NOT_FOUND',
  requireStack: [
    'C:\\Users\\User\\Desktop\\Hospital-Management-System\\node_modules\\next\\dist\\server\\require.js',
    'C:\\Users\\User\\Desktop\\Hospital-Management-System\\node_modules\\next\\dist\\server\\next-server.js',
    'C:\\Users\\User\\Desktop\\Hospital-Management-System\\node_modules\\next\\dist\\server\\next.js',
    'C:\\Users\\User\\Desktop\\Hospital-Management-System\\node_modules\\next\\dist\\server\\lib\\start-server.js',
    'C:\\Users\\User\\Desktop\\Hospital-Management-System\\node_modules\\next\\dist\\cli\\next-start.js'
  ]
}
 ⨯ Error: Cannot find module 'C:\Users\User\Desktop\Hospital-Management-System\.next\server\pages\_error.js'
Require stack:
- C:\Users\User\Desktop\Hospital-Management-System\node_modules\next\dist\server\require.js
- C:\Users\User\Desktop\Hospital-Management-System\node_modules\next\dist\server\next-server.js
- C:\Users\User\Desktop\Hospital-Management-System\node_modules\next\dist\server\next.js
- C:\Users\User\Desktop\Hospital-Management-System\node_modules\next\dist\server\lib\start-server.js
- C:\Users\User\Desktop\Hospital-Management-System\node_modules\next\dist\cli\next-start.js
    at Module.<anonymous> (node:internal/modules/cjs/loader:1419:15)
    at C:\Users\User\Desktop\Hospital-Management-System\node_modules\next\dist\server\require-hook.js:55:36
    at defaultResolveImpl (node:internal/modules/cjs/loader:1057:19)
    at resolveForCJSWithHooks (node:internal/modules/cjs/loader:1062:22)
    at Module._load (node:internal/modules/cjs/loader:1225:37)
    at TracingChannel.traceSync (node:diagnostics_channel:328:14)
    at wrapModuleLoad (node:internal/modules/cjs/loader:244:24)
    at Module.<anonymous> (node:internal/modules/cjs/loader:1502:12)
    at mod.require (C:\Users\User\Desktop\Hospital-Management-System\node_modules\next\dist\server\require-hook.js:65:28)
    at require (node:internal/modules/helpers:152:16) {
  code: 'MODULE_NOT_FOUND',
  requireStack: [
    'C:\\Users\\User\\Desktop\\Hospital-Management-System\\node_modules\\next\\dist\\server\\require.js',
    'C:\\Users\\User\\Desktop\\Hospital-Management-System\\node_modules\\next\\dist\\server\\next-server.js',
    'C:\\Users\\User\\Desktop\\Hospital-Management-System\\node_modules\\next\\dist\\server\\next.js',
    'C:\\Users\\User\\Desktop\\Hospital-Management-System\\node_modules\\next\\dist\\server\\lib\\start-server.js',
    'C:\\Users\\User\\Desktop\\Hospital-Management-System\\node_modules\\next\\dist\\cli\\next-start.js'
  ]
}
 ⨯ Error: Cannot find module 'C:\Users\User\Desktop\Hospital-Management-System\.next\server\app\api\doctors\[id]\route.js'
Require stack:
- C:\Users\User\Desktop\Hospital-Management-System\node_modules\next\dist\server\require.js
- C:\Users\User\Desktop\Hospital-Management-System\node_modules\next\dist\server\next-server.js
- C:\Users\User\Desktop\Hospital-Management-System\node_modules\next\dist\server\next.js
- C:\Users\User\Desktop\Hospital-Management-System\node_modules\next\dist\server\lib\start-server.js
- C:\Users\User\Desktop\Hospital-Management-System\node_modules\next\dist\cli\next-start.js
    at Module.<anonymous> (node:internal/modules/cjs/loader:1419:15)
    at C:\Users\User\Desktop\Hospital-Management-System\node_modules\next\dist\server\require-hook.js:55:36
    at defaultResolveImpl (node:internal/modules/cjs/loader:1057:19)
    at resolveForCJSWithHooks (node:internal/modules/cjs/loader:1062:22)
    at Module._load (node:internal/modules/cjs/loader:1225:37)
    at TracingChannel.traceSync (node:diagnostics_channel:328:14)
    at wrapModuleLoad (node:internal/modules/cjs/loader:244:24)
    at Module.<anonymous> (node:internal/modules/cjs/loader:1502:12)
    at mod.require (C:\Users\User\Desktop\Hospital-Management-System\node_modules\next\dist\server\require-hook.js:65:28)
    at require (node:internal/modules/helpers:152:16) {
  code: 'MODULE_NOT_FOUND',
  requireStack: [
    'C:\\Users\\User\\Desktop\\Hospital-Management-System\\node_modules\\next\\dist\\server\\require.js',
    'C:\\Users\\User\\Desktop\\Hospital-Management-System\\node_modules\\next\\dist\\server\\next-server.js',
    'C:\\Users\\User\\Desktop\\Hospital-Management-System\\node_modules\\next\\dist\\server\\next.js',
    'C:\\Users\\User\\Desktop\\Hospital-Management-System\\node_modules\\next\\dist\\server\\lib\\start-server.js',
    'C:\\Users\\User\\Desktop\\Hospital-Management-System\\node_modules\\next\\dist\\cli\\next-start.js'
  ]
}
 ⨯ Error: Cannot find module 'C:\Users\User\Desktop\Hospital-Management-System\.next\server\pages\_error.js'
Require stack:
- C:\Users\User\Desktop\Hospital-Management-System\node_modules\next\dist\server\require.js
- C:\Users\User\Desktop\Hospital-Management-System\node_modules\next\dist\server\next-server.js
- C:\Users\User\Desktop\Hospital-Management-System\node_modules\next\dist\server\next.js
- C:\Users\User\Desktop\Hospital-Management-System\node_modules\next\dist\server\lib\start-server.js
- C:\Users\User\Desktop\Hospital-Management-System\node_modules\next\dist\cli\next-start.js
    at Module.<anonymous> (node:internal/modules/cjs/loader:1419:15)
    at C:\Users\User\Desktop\Hospital-Management-System\node_modules\next\dist\server\require-hook.js:55:36
    at defaultResolveImpl (node:internal/modules/cjs/loader:1057:19)
    at resolveForCJSWithHooks (node:internal/modules/cjs/loader:1062:22)
    at Module._load (node:internal/modules/cjs/loader:1225:37)
    at TracingChannel.traceSync (node:diagnostics_channel:328:14)
    at wrapModuleLoad (node:internal/modules/cjs/loader:244:24)
    at Module.<anonymous> (node:internal/modules/cjs/loader:1502:12)
    at mod.require (C:\Users\User\Desktop\Hospital-Management-System\node_modules\next\dist\server\require-hook.js:65:28)
    at require (node:internal/modules/helpers:152:16) {
  code: 'MODULE_NOT_FOUND',
  requireStack: [
    'C:\\Users\\User\\Desktop\\Hospital-Management-System\\node_modules\\next\\dist\\server\\require.js',
    'C:\\Users\\User\\Desktop\\Hospital-Management-System\\node_modules\\next\\dist\\server\\next-server.js',
    'C:\\Users\\User\\Desktop\\Hospital-Management-System\\node_modules\\next\\dist\\server\\next.js',
    'C:\\Users\\User\\Desktop\\Hospital-Management-System\\node_modules\\next\\dist\\server\\lib\\start-server.js',
    'C:\\Users\\User\\Desktop\\Hospital-Management-System\\node_modules\\next\\dist\\cli\\next-start.js'
  ]
}
 ⨯ Error: Cannot find module 'C:\Users\User\Desktop\Hospital-Management-System\.next\server\app\api\medical-records\route.js'
Require stack:
- C:\Users\User\Desktop\Hospital-Management-System\node_modules\next\dist\server\require.js
- C:\Users\User\Desktop\Hospital-Management-System\node_modules\next\dist\server\next-server.js
- C:\Users\User\Desktop\Hospital-Management-System\node_modules\next\dist\server\next.js
- C:\Users\User\Desktop\Hospital-Management-System\node_modules\next\dist\server\lib\start-server.js
- C:\Users\User\Desktop\Hospital-Management-System\node_modules\next\dist\cli\next-start.js
    at Module.<anonymous> (node:internal/modules/cjs/loader:1419:15)
    at C:\Users\User\Desktop\Hospital-Management-System\node_modules\next\dist\server\require-hook.js:55:36
    at defaultResolveImpl (node:internal/modules/cjs/loader:1057:19)
    at resolveForCJSWithHooks (node:internal/modules/cjs/loader:1062:22)
    at Module._load (node:internal/modules/cjs/loader:1225:37)
    at TracingChannel.traceSync (node:diagnostics_channel:328:14)
    at wrapModuleLoad (node:internal/modules/cjs/loader:244:24)
    at Module.<anonymous> (node:internal/modules/cjs/loader:1502:12)
    at mod.require (C:\Users\User\Desktop\Hospital-Management-System\node_modules\next\dist\server\require-hook.js:65:28)
    at require (node:internal/modules/helpers:152:16) {
  code: 'MODULE_NOT_FOUND',
  requireStack: [
    'C:\\Users\\User\\Desktop\\Hospital-Management-System\\node_modules\\next\\dist\\server\\require.js',
    'C:\\Users\\User\\Desktop\\Hospital-Management-System\\node_modules\\next\\dist\\server\\next-server.js',
    'C:\\Users\\User\\Desktop\\Hospital-Management-System\\node_modules\\next\\dist\\server\\next.js',
    'C:\\Users\\User\\Desktop\\Hospital-Management-System\\node_modules\\next\\dist\\server\\lib\\start-server.js',
    'C:\\Users\\User\\Desktop\\Hospital-Management-System\\node_modules\\next\\dist\\cli\\next-start.js'
  ]
}
 ⨯ Error: Cannot find module 'C:\Users\User\Desktop\Hospital-Management-System\.next\server\pages\_error.js'
Require stack:
- C:\Users\User\Desktop\Hospital-Management-System\node_modules\next\dist\server\require.js
- C:\Users\User\Desktop\Hospital-Management-System\node_modules\next\dist\server\next-server.js
- C:\Users\User\Desktop\Hospital-Management-System\node_modules\next\dist\server\next.js
- C:\Users\User\Desktop\Hospital-Management-System\node_modules\next\dist\server\lib\start-server.js
- C:\Users\User\Desktop\Hospital-Management-System\node_modules\next\dist\cli\next-start.js
    at Module.<anonymous> (node:internal/modules/cjs/loader:1419:15)
    at C:\Users\User\Desktop\Hospital-Management-System\node_modules\next\dist\server\require-hook.js:55:36
    at defaultResolveImpl (node:internal/modules/cjs/loader:1057:19)
    at resolveForCJSWithHooks (node:internal/modules/cjs/loader:1062:22)
    at Module._load (node:internal/modules/cjs/loader:1225:37)
    at TracingChannel.traceSync (node:diagnostics_channel:328:14)
    at wrapModuleLoad (node:internal/modules/cjs/loader:244:24)
    at Module.<anonymous> (node:internal/modules/cjs/loader:1502:12)
    at mod.require (C:\Users\User\Desktop\Hospital-Management-System\node_modules\next\dist\server\require-hook.js:65:28)
    at require (node:internal/modules/helpers:152:16) {
  code: 'MODULE_NOT_FOUND',
  requireStack: [
    'C:\\Users\\User\\Desktop\\Hospital-Management-System\\node_modules\\next\\dist\\server\\require.js',
    'C:\\Users\\User\\Desktop\\Hospital-Management-System\\node_modules\\next\\dist\\server\\next-server.js',
    'C:\\Users\\User\\Desktop\\Hospital-Management-System\\node_modules\\next\\dist\\server\\next.js',
    'C:\\Users\\User\\Desktop\\Hospital-Management-System\\node_modules\\next\\dist\\server\\lib\\start-server.js',
    'C:\\Users\\User\\Desktop\\Hospital-Management-System\\node_modules\\next\\dist\\cli\\next-start.js'
  ]
}
 ⨯ Error: Cannot find module 'C:\Users\User\Desktop\Hospital-Management-System\.next\server\app\_not-found\page.js'
Require stack:
- C:\Users\User\Desktop\Hospital-Management-System\node_modules\next\dist\server\require.js
- C:\Users\User\Desktop\Hospital-Management-System\node_modules\next\dist\server\next-server.js
- C:\Users\User\Desktop\Hospital-Management-System\node_modules\next\dist\server\next.js
- C:\Users\User\Desktop\Hospital-Management-System\node_modules\next\dist\server\lib\start-server.js
- C:\Users\User\Desktop\Hospital-Management-System\node_modules\next\dist\cli\next-start.js
    at Module.<anonymous> (node:internal/modules/cjs/loader:1419:15)
    at C:\Users\User\Desktop\Hospital-Management-System\node_modules\next\dist\server\require-hook.js:55:36
    at defaultResolveImpl (node:internal/modules/cjs/loader:1057:19)
    at resolveForCJSWithHooks (node:internal/modules/cjs/loader:1062:22)
    at Module._load (node:internal/modules/cjs/loader:1225:37)
    at TracingChannel.traceSync (node:diagnostics_channel:328:14)
    at wrapModuleLoad (node:internal/modules/cjs/loader:244:24)
    at Module.<anonymous> (node:internal/modules/cjs/loader:1502:12)
    at mod.require (C:\Users\User\Desktop\Hospital-Management-System\node_modules\next\dist\server\require-hook.js:65:28)
    at require (node:internal/modules/helpers:152:16) {
  code: 'MODULE_NOT_FOUND',
  requireStack: [
    'C:\\Users\\User\\Desktop\\Hospital-Management-System\\node_modules\\next\\dist\\server\\require.js',
    'C:\\Users\\User\\Desktop\\Hospital-Management-System\\node_modules\\next\\dist\\server\\next-server.js',
    'C:\\Users\\User\\Desktop\\Hospital-Management-System\\node_modules\\next\\dist\\server\\next.js',
    'C:\\Users\\User\\Desktop\\Hospital-Management-System\\node_modules\\next\\dist\\server\\lib\\start-server.js',
    'C:\\Users\\User\\Desktop\\Hospital-Management-System\\node_modules\\next\\dist\\cli\\next-start.js'
  ]
}
 ⨯ Error: Cannot find module 'C:\Users\User\Desktop\Hospital-Management-System\.next\server\app\_not-found\page.js'
Require stack:
- C:\Users\User\Desktop\Hospital-Management-System\node_modules\next\dist\server\require.js
- C:\Users\User\Desktop\Hospital-Management-System\node_modules\next\dist\server\next-server.js
- C:\Users\User\Desktop\Hospital-Management-System\node_modules\next\dist\server\next.js
- C:\Users\User\Desktop\Hospital-Management-System\node_modules\next\dist\server\lib\start-server.js
- C:\Users\User\Desktop\Hospital-Management-System\node_modules\next\dist\cli\next-start.js
    at Module.<anonymous> (node:internal/modules/cjs/loader:1419:15)
    at C:\Users\User\Desktop\Hospital-Management-System\node_modules\next\dist\server\require-hook.js:55:36
    at defaultResolveImpl (node:internal/modules/cjs/loader:1057:19)
    at resolveForCJSWithHooks (node:internal/modules/cjs/loader:1062:22)
    at Module._load (node:internal/modules/cjs/loader:1225:37)
    at TracingChannel.traceSync (node:diagnostics_channel:328:14)
    at wrapModuleLoad (node:internal/modules/cjs/loader:244:24)
    at Module.<anonymous> (node:internal/modules/cjs/loader:1502:12)
    at mod.require (C:\Users\User\Desktop\Hospital-Management-System\node_modules\next\dist\server\require-hook.js:65:28)
    at require (node:internal/modules/helpers:152:16) {
  code: 'MODULE_NOT_FOUND',
  requireStack: [
    'C:\\Users\\User\\Desktop\\Hospital-Management-System\\node_modules\\next\\dist\\server\\require.js',
    'C:\\Users\\User\\Desktop\\Hospital-Management-System\\node_modules\\next\\dist\\server\\next-server.js',
    'C:\\Users\\User\\Desktop\\Hospital-Management-System\\node_modules\\next\\dist\\server\\next.js',
    'C:\\Users\\User\\Desktop\\Hospital-Management-System\\node_modules\\next\\dist\\server\\lib\\start-server.js',
    'C:\\Users\\User\\Desktop\\Hospital-Management-System\\node_modules\\next\\dist\\cli\\next-start.js'
  ]
}
 ⨯ Error: Cannot find module 'C:\Users\User\Desktop\Hospital-Management-System\.next\server\app\_not-found\page.js'
Require stack:
- C:\Users\User\Desktop\Hospital-Management-System\node_modules\next\dist\server\require.js
- C:\Users\User\Desktop\Hospital-Management-System\node_modules\next\dist\server\next-server.js
- C:\Users\User\Desktop\Hospital-Management-System\node_modules\next\dist\server\next.js
- C:\Users\User\Desktop\Hospital-Management-System\node_modules\next\dist\server\lib\start-server.js
- C:\Users\User\Desktop\Hospital-Management-System\node_modules\next\dist\cli\next-start.js
    at Module.<anonymous> (node:internal/modules/cjs/loader:1419:15)
    at C:\Users\User\Desktop\Hospital-Management-System\node_modules\next\dist\server\require-hook.js:55:36
    at defaultResolveImpl (node:internal/modules/cjs/loader:1057:19)
    at resolveForCJSWithHooks (node:internal/modules/cjs/loader:1062:22)
    at Module._load (node:internal/modules/cjs/loader:1225:37)
    at TracingChannel.traceSync (node:diagnostics_channel:328:14)
    at wrapModuleLoad (node:internal/modules/cjs/loader:244:24)
    at Module.<anonymous> (node:internal/modules/cjs/loader:1502:12)
    at mod.require (C:\Users\User\Desktop\Hospital-Management-System\node_modules\next\dist\server\require-hook.js:65:28)
    at require (node:internal/modules/helpers:152:16) {
  code: 'MODULE_NOT_FOUND',
  requireStack: [
    'C:\\Users\\User\\Desktop\\Hospital-Management-System\\node_modules\\next\\dist\\server\\require.js',
    'C:\\Users\\User\\Desktop\\Hospital-Management-System\\node_modules\\next\\dist\\server\\next-server.js',
    'C:\\Users\\User\\Desktop\\Hospital-Management-System\\node_modules\\next\\dist\\server\\next.js',
    'C:\\Users\\User\\Desktop\\Hospital-Management-System\\node_modules\\next\\dist\\server\\lib\\start-server.js',
    'C:\\Users\\User\\Desktop\\Hospital-Management-System\\node_modules\\next\\dist\\cli\\next-start.js'
  ]
}
 ⨯ Error: Cannot find module 'C:\Users\User\Desktop\Hospital-Management-System\.next\server\app\_not-found\page.js'
Require stack:
- C:\Users\User\Desktop\Hospital-Management-System\node_modules\next\dist\server\require.js
- C:\Users\User\Desktop\Hospital-Management-System\node_modules\next\dist\server\next-server.js
- C:\Users\User\Desktop\Hospital-Management-System\node_modules\next\dist\server\next.js
- C:\Users\User\Desktop\Hospital-Management-System\node_modules\next\dist\server\lib\start-server.js
- C:\Users\User\Desktop\Hospital-Management-System\node_modules\next\dist\cli\next-start.js
    at Module.<anonymous> (node:internal/modules/cjs/loader:1419:15)
    at C:\Users\User\Desktop\Hospital-Management-System\node_modules\next\dist\server\require-hook.js:55:36
    at defaultResolveImpl (node:internal/modules/cjs/loader:1057:19)
    at resolveForCJSWithHooks (node:internal/modules/cjs/loader:1062:22)
    at Module._load (node:internal/modules/cjs/loader:1225:37)
    at TracingChannel.traceSync (node:diagnostics_channel:328:14)
    at wrapModuleLoad (node:internal/modules/cjs/loader:244:24)
    at Module.<anonymous> (node:internal/modules/cjs/loader:1502:12)
    at mod.require (C:\Users\User\Desktop\Hospital-Management-System\node_modules\next\dist\server\require-hook.js:65:28)
    at require (node:internal/modules/helpers:152:16) {
  code: 'MODULE_NOT_FOUND',
  requireStack: [
    'C:\\Users\\User\\Desktop\\Hospital-Management-System\\node_modules\\next\\dist\\server\\require.js',
    'C:\\Users\\User\\Desktop\\Hospital-Management-System\\node_modules\\next\\dist\\server\\next-server.js',
    'C:\\Users\\User\\Desktop\\Hospital-Management-System\\node_modules\\next\\dist\\server\\next.js',
    'C:\\Users\\User\\Desktop\\Hospital-Management-System\\node_modules\\next\\dist\\server\\lib\\start-server.js',
    'C:\\Users\\User\\Desktop\\Hospital-Management-System\\node_modules\\next\\dist\\cli\\next-start.js'
  ]
}
 ⨯ Error: Cannot find module 'C:\Users\User\Desktop\Hospital-Management-System\.next\server\app\_not-found\page.js'
Require stack:
- C:\Users\User\Desktop\Hospital-Management-System\node_modules\next\dist\server\require.js
- C:\Users\User\Desktop\Hospital-Management-System\node_modules\next\dist\server\next-server.js
- C:\Users\User\Desktop\Hospital-Management-System\node_modules\next\dist\server\next.js
- C:\Users\User\Desktop\Hospital-Management-System\node_modules\next\dist\server\lib\start-server.js
- C:\Users\User\Desktop\Hospital-Management-System\node_modules\next\dist\cli\next-start.js
    at Module.<anonymous> (node:internal/modules/cjs/loader:1419:15)
    at C:\Users\User\Desktop\Hospital-Management-System\node_modules\next\dist\server\require-hook.js:55:36
    at defaultResolveImpl (node:internal/modules/cjs/loader:1057:19)
    at resolveForCJSWithHooks (node:internal/modules/cjs/loader:1062:22)
    at Module._load (node:internal/modules/cjs/loader:1225:37)
    at TracingChannel.traceSync (node:diagnostics_channel:328:14)
    at wrapModuleLoad (node:internal/modules/cjs/loader:244:24)
    at Module.<anonymous> (node:internal/modules/cjs/loader:1502:12)
    at mod.require (C:\Users\User\Desktop\Hospital-Management-System\node_modules\next\dist\server\require-hook.js:65:28)
    at require (node:internal/modules/helpers:152:16) {
  code: 'MODULE_NOT_FOUND',
  requireStack: [
    'C:\\Users\\User\\Desktop\\Hospital-Management-System\\node_modules\\next\\dist\\server\\require.js',
    'C:\\Users\\User\\Desktop\\Hospital-Management-System\\node_modules\\next\\dist\\server\\next-server.js',
    'C:\\Users\\User\\Desktop\\Hospital-Management-System\\node_modules\\next\\dist\\server\\next.js',
    'C:\\Users\\User\\Desktop\\Hospital-Management-System\\node_modules\\next\\dist\\server\\lib\\start-server.js',
    'C:\\Users\\User\\Desktop\\Hospital-Management-System\\node_modules\\next\\dist\\cli\\next-start.js'
  ]
}
 ⨯ Error: Cannot find module './chunks/vendor-chunks/next.js'
Require stack:
- C:\Users\User\Desktop\Hospital-Management-System\.next\server\webpack-runtime.js
- C:\Users\User\Desktop\Hospital-Management-System\.next\server\pages\_document.js
- C:\Users\User\Desktop\Hospital-Management-System\node_modules\next\dist\server\require.js
- C:\Users\User\Desktop\Hospital-Management-System\node_modules\next\dist\server\next-server.js
- C:\Users\User\Desktop\Hospital-Management-System\node_modules\next\dist\server\next.js
- C:\Users\User\Desktop\Hospital-Management-System\node_modules\next\dist\server\lib\start-server.js
- C:\Users\User\Desktop\Hospital-Management-System\node_modules\next\dist\cli\next-start.js
    at Module.<anonymous> (node:internal/modules/cjs/loader:1419:15)
    at C:\Users\User\Desktop\Hospital-Management-System\node_modules\next\dist\server\require-hook.js:55:36
    at defaultResolveImpl (node:internal/modules/cjs/loader:1057:19)
    at resolveForCJSWithHooks (node:internal/modules/cjs/loader:1062:22)
    at Module._load (node:internal/modules/cjs/loader:1225:37)
    at TracingChannel.traceSync (node:diagnostics_channel:328:14)
    at wrapModuleLoad (node:internal/modules/cjs/loader:244:24)
    at Module.<anonymous> (node:internal/modules/cjs/loader:1502:12)
    at mod.require (C:\Users\User\Desktop\Hospital-Management-System\node_modules\next\dist\server\require-hook.js:65:28)
    at require (node:internal/modules/helpers:152:16) {
  code: 'MODULE_NOT_FOUND',
  requireStack: [
    'C:\\Users\\User\\Desktop\\Hospital-Management-System\\.next\\server\\webpack-runtime.js',
    'C:\\Users\\User\\Desktop\\Hospital-Management-System\\.next\\server\\pages\\_document.js',
    'C:\\Users\\User\\Desktop\\Hospital-Management-System\\node_modules\\next\\dist\\server\\require.js',
    'C:\\Users\\User\\Desktop\\Hospital-Management-System\\node_modules\\next\\dist\\server\\next-server.js',
    'C:\\Users\\User\\Desktop\\Hospital-Management-System\\node_modules\\next\\dist\\server\\next.js',
    'C:\\Users\\User\\Desktop\\Hospital-Management-System\\node_modules\\next\\dist\\server\\lib\\start-server.js',
    'C:\\Users\\User\\Desktop\\Hospital-Management-System\\node_modules\\next\\dist\\cli\\next-start.js'
  ]
}
 ⨯ Error: Cannot find module 'C:\Users\User\Desktop\Hospital-Management-System\.next\server\pages\_error.js'
Require stack:
- C:\Users\User\Desktop\Hospital-Management-System\node_modules\next\dist\server\require.js
- C:\Users\User\Desktop\Hospital-Management-System\node_modules\next\dist\server\next-server.js
- C:\Users\User\Desktop\Hospital-Management-System\node_modules\next\dist\server\next.js
- C:\Users\User\Desktop\Hospital-Management-System\node_modules\next\dist\server\lib\start-server.js
- C:\Users\User\Desktop\Hospital-Management-System\node_modules\next\dist\cli\next-start.js
    at Module.<anonymous> (node:internal/modules/cjs/loader:1419:15)
    at C:\Users\User\Desktop\Hospital-Management-System\node_modules\next\dist\server\require-hook.js:55:36
    at defaultResolveImpl (node:internal/modules/cjs/loader:1057:19)
    at resolveForCJSWithHooks (node:internal/modules/cjs/loader:1062:22)
    at Module._load (node:internal/modules/cjs/loader:1225:37)
    at TracingChannel.traceSync (node:diagnostics_channel:328:14)
    at wrapModuleLoad (node:internal/modules/cjs/loader:244:24)
    at Module.<anonymous> (node:internal/modules/cjs/loader:1502:12)
    at mod.require (C:\Users\User\Desktop\Hospital-Management-System\node_modules\next\dist\server\require-hook.js:65:28)
    at require (node:internal/modules/helpers:152:16) {
  code: 'MODULE_NOT_FOUND',
  requireStack: [
    'C:\\Users\\User\\Desktop\\Hospital-Management-System\\node_modules\\next\\dist\\server\\require.js',
    'C:\\Users\\User\\Desktop\\Hospital-Management-System\\node_modules\\next\\dist\\server\\next-server.js',
    'C:\\Users\\User\\Desktop\\Hospital-Management-System\\node_modules\\next\\dist\\server\\next.js',
    'C:\\Users\\User\\Desktop\\Hospital-Management-System\\node_modules\\next\\dist\\server\\lib\\start-server.js',
    'C:\\Users\\User\\Desktop\\Hospital-Management-System\\node_modules\\next\\dist\\cli\\next-start.js'
  ]
}
 ⨯ Error: Cannot find module './chunks/vendor-chunks/next.js'
Require stack:
- C:\Users\User\Desktop\Hospital-Management-System\.next\server\webpack-runtime.js
- C:\Users\User\Desktop\Hospital-Management-System\.next\server\pages\_document.js
- C:\Users\User\Desktop\Hospital-Management-System\node_modules\next\dist\server\require.js
- C:\Users\User\Desktop\Hospital-Management-System\node_modules\next\dist\server\next-server.js
- C:\Users\User\Desktop\Hospital-Management-System\node_modules\next\dist\server\next.js
- C:\Users\User\Desktop\Hospital-Management-System\node_modules\next\dist\server\lib\start-server.js
- C:\Users\User\Desktop\Hospital-Management-System\node_modules\next\dist\cli\next-start.js
    at Module.<anonymous> (node:internal/modules/cjs/loader:1419:15)
    at C:\Users\User\Desktop\Hospital-Management-System\node_modules\next\dist\server\require-hook.js:55:36
    at defaultResolveImpl (node:internal/modules/cjs/loader:1057:19)
    at resolveForCJSWithHooks (node:internal/modules/cjs/loader:1062:22)
    at Module._load (node:internal/modules/cjs/loader:1225:37)
    at TracingChannel.traceSync (node:diagnostics_channel:328:14)
    at wrapModuleLoad (node:internal/modules/cjs/loader:244:24)
    at Module.<anonymous> (node:internal/modules/cjs/loader:1502:12)
    at mod.require (C:\Users\User\Desktop\Hospital-Management-System\node_modules\next\dist\server\require-hook.js:65:28)
    at require (node:internal/modules/helpers:152:16) {
  code: 'MODULE_NOT_FOUND',
  requireStack: [
    'C:\\Users\\User\\Desktop\\Hospital-Management-System\\.next\\server\\webpack-runtime.js',
    'C:\\Users\\User\\Desktop\\Hospital-Management-System\\.next\\server\\pages\\_document.js',
    'C:\\Users\\User\\Desktop\\Hospital-Management-System\\node_modules\\next\\dist\\server\\require.js',
    'C:\\Users\\User\\Desktop\\Hospital-Management-System\\node_modules\\next\\dist\\server\\next-server.js',
    'C:\\Users\\User\\Desktop\\Hospital-Management-System\\node_modules\\next\\dist\\server\\next.js',
    'C:\\Users\\User\\Desktop\\Hospital-Management-System\\node_modules\\next\\dist\\server\\lib\\start-server.js',
    'C:\\Users\\User\\Desktop\\Hospital-Management-System\\node_modules\\next\\dist\\cli\\next-start.js'
  ]
}
 ⨯ Error: Cannot find module 'C:\Users\User\Desktop\Hospital-Management-System\.next\server\pages\_error.js'
Require stack:
- C:\Users\User\Desktop\Hospital-Management-System\node_modules\next\dist\server\require.js
- C:\Users\User\Desktop\Hospital-Management-System\node_modules\next\dist\server\next-server.js
- C:\Users\User\Desktop\Hospital-Management-System\node_modules\next\dist\server\next.js
- C:\Users\User\Desktop\Hospital-Management-System\node_modules\next\dist\server\lib\start-server.js
- C:\Users\User\Desktop\Hospital-Management-System\node_modules\next\dist\cli\next-start.js
    at Module.<anonymous> (node:internal/modules/cjs/loader:1419:15)
    at C:\Users\User\Desktop\Hospital-Management-System\node_modules\next\dist\server\require-hook.js:55:36
    at defaultResolveImpl (node:internal/modules/cjs/loader:1057:19)
    at resolveForCJSWithHooks (node:internal/modules/cjs/loader:1062:22)
    at Module._load (node:internal/modules/cjs/loader:1225:37)
    at TracingChannel.traceSync (node:diagnostics_channel:328:14)
    at wrapModuleLoad (node:internal/modules/cjs/loader:244:24)
    at Module.<anonymous> (node:internal/modules/cjs/loader:1502:12)
    at mod.require (C:\Users\User\Desktop\Hospital-Management-System\node_modules\next\dist\server\require-hook.js:65:28)
    at require (node:internal/modules/helpers:152:16) {
  code: 'MODULE_NOT_FOUND',
  requireStack: [
    'C:\\Users\\User\\Desktop\\Hospital-Management-System\\node_modules\\next\\dist\\server\\require.js',
    'C:\\Users\\User\\Desktop\\Hospital-Management-System\\node_modules\\next\\dist\\server\\next-server.js',
    'C:\\Users\\User\\Desktop\\Hospital-Management-System\\node_modules\\next\\dist\\server\\next.js',
    'C:\\Users\\User\\Desktop\\Hospital-Management-System\\node_modules\\next\\dist\\server\\lib\\start-server.js',
    'C:\\Users\\User\\Desktop\\Hospital-Management-System\\node_modules\\next\\dist\\cli\\next-start.js'
  ]
}
